window,start_date,end_date,rmse,r2,directional_accuracy
1,2014-05-30,2014-10-10,0.014290816470292043,-0.07424935263349308,0.4
2,2014-10-17,2014-10-17,0.008439317193971412,,1.0
3,2014-10-24,2014-10-24,0.04407435462903217,,0.0
4,2014-10-31,2014-10-31,0.02908137995504252,,0.0
5,2014-11-07,2014-11-07,0.01190053027252232,,0.0
6,2014-11-14,2014-11-14,0.0056480807503759434,,0.0
7,2014-11-21,2014-11-21,0.0160837276647603,,0.0
8,2014-11-28,2014-11-28,0.01134982089797494,,0.0
9,2014-12-05,2014-12-05,0.00452076198390918,,0.0
10,2014-12-12,2014-12-12,0.03180608562110757,,1.0
11,2014-12-19,2014-12-19,0.03696397454639138,,0.0
12,2014-12-26,2014-12-26,0.017103216959429294,,0.0
13,2015-01-02,2015-01-02,0.013276546533605351,,0.0
14,2015-01-09,2015-01-09,0.008015068516275406,,0.0
15,2015-01-16,2015-01-16,0.010803765979593753,,1.0
16,2015-01-23,2015-01-23,0.031256704371668276,,0.0
17,2015-01-30,2015-01-30,0.028633138494794024,,0.0
18,2015-02-06,2015-02-06,0.034459789500394536,,0.0
19,2015-02-13,2015-02-13,0.02201917266961885,,0.0
20,2015-02-20,2015-02-20,0.01530401065266493,,0.0
21,2015-02-27,2015-02-27,0.003916632122644162,,0.0
22,2015-03-06,2015-03-06,0.01671774655558615,,0.0
23,2015-03-13,2015-03-13,0.011625701652030567,,0.0
24,2015-03-20,2015-03-20,0.025261586858128075,,1.0
25,2015-03-27,2015-03-27,0.021692622788346248,,1.0
26,2015-04-03,2015-04-03,0.004829544417941828,,1.0
27,2015-04-10,2015-04-10,0.01599150785443333,,1.0
28,2015-04-17,2015-04-17,0.011813850252832332,,0.0
29,2015-04-24,2015-04-24,0.011580638961210477,,1.0
30,2015-05-01,2015-05-01,0.0038113914732814946,,1.0
31,2015-05-08,2015-05-08,0.0052861586724529085,,1.0
32,2015-05-15,2015-05-15,0.0009433884558185147,,1.0
33,2015-05-22,2015-05-22,0.007090626045931768,,1.0
34,2015-05-29,2015-05-29,0.013686748827279237,,0.0
35,2015-06-05,2015-06-05,0.018500697797282042,,0.0
36,2015-06-12,2015-06-12,0.0064745781965833415,,1.0
37,2015-06-19,2015-06-19,0.0029628474176539646,,1.0
38,2015-06-26,2015-06-26,0.013262040994031662,,0.0
39,2015-07-03,2015-07-03,0.015776399814629166,,0.0
40,2015-07-10,2015-07-10,0.0038898838546229386,,0.0
41,2015-07-17,2015-07-17,0.01774319881311754,,1.0
42,2015-07-24,2015-07-24,0.028550334637009435,,0.0
43,2015-07-31,2015-07-31,0.008431256515889336,,1.0
44,2015-08-07,2015-08-07,0.021950168160164513,,0.0
45,2015-08-14,2015-08-14,0.0012793438715900142,,1.0
46,2015-08-21,2015-08-21,0.06475650511495873,,0.0
47,2015-08-28,2015-08-28,0.0026179489429138773,,1.0
48,2015-09-04,2015-09-04,0.040601382946380056,,0.0
49,2015-09-11,2015-09-11,0.0008176051369010728,,1.0
50,2015-09-18,2015-09-18,0.0066564874616008435,,0.0
51,2015-09-25,2015-09-25,0.017439980880658013,,0.0
52,2015-10-02,2015-10-02,0.008866907458952765,,1.0
53,2015-10-09,2015-10-09,0.028037428130678232,,1.0
54,2015-10-16,2015-10-16,0.00447776860659059,,1.0
55,2015-10-23,2015-10-23,0.015312826655238507,,1.0
56,2015-10-30,2015-10-30,0.001887467222597243,,1.0
57,2015-11-06,2015-11-06,0.004979027212544545,,1.0
58,2015-11-13,2015-11-13,0.037558605644632134,,0.0
59,2015-11-20,2015-11-20,0.0310087208544143,,1.0
60,2015-11-27,2015-11-27,0.0013572854700722586,,1.0
61,2015-12-04,2015-12-04,0.0026341256582088704,,1.0
62,2015-12-11,2015-12-11,0.04419119810095026,,0.0
63,2015-12-18,2015-12-18,0.009957821116235117,,0.0
64,2015-12-25,2015-12-25,0.002820984151619608,,1.0
65,2016-01-01,2016-01-01,0.01507881098989828,,0.0
66,2016-01-08,2016-01-08,0.06605520054257774,,0.0
67,2016-01-15,2016-01-15,0.033977048447674435,,0.0
68,2016-01-22,2016-01-22,0.010539151261949362,,0.0
69,2016-01-29,2016-01-29,0.007614611934117742,,1.0
70,2016-02-05,2016-02-05,0.040493775660245555,,0.0
71,2016-02-12,2016-02-12,0.01732221856506961,,0.0
72,2016-02-19,2016-02-19,0.04354356020332466,,1.0
73,2016-02-26,2016-02-26,0.010178514370008128,,1.0
74,2016-03-04,2016-03-04,0.021755604722173662,,1.0
75,2016-03-11,2016-03-11,0.007135456435448283,,1.0
76,2016-03-18,2016-03-18,0.00810756905366785,,1.0
77,2016-03-25,2016-03-25,0.005957623722865672,,0.0
78,2016-04-01,2016-04-01,0.01190509234973925,,1.0
79,2016-04-08,2016-04-08,0.014183111008749687,,0.0
80,2016-04-15,2016-04-15,0.007942039796372119,,1.0
81,2016-04-22,2016-04-22,0.00020463811729263398,,1.0
82,2016-04-29,2016-04-29,0.01520678443673016,,0.0
83,2016-05-06,2016-05-06,0.00978884713585041,,0.0
84,2016-05-13,2016-05-13,0.015448151321434088,,0.0
85,2016-05-20,2016-05-20,0.00243051438827685,,1.0
86,2016-05-27,2016-05-27,0.015325568466493307,,1.0
87,2016-06-03,2016-06-03,0.000865551519866524,,1.0
88,2016-06-10,2016-06-10,0.009792800787874225,,0.0
89,2016-06-17,2016-06-17,0.01512466118678028,,0.0
90,2016-06-24,2016-06-24,0.025569409352606896,,0.0
91,2016-07-01,2016-07-01,0.027991053014618357,,1.0
92,2016-07-08,2016-07-08,0.007538735681745748,,1.0
93,2016-07-15,2016-07-15,0.008231261916981918,,1.0
94,2016-07-22,2016-07-22,0.000919648196394101,,1.0
95,2016-07-29,2016-07-29,0.008523157329342872,,0.0
96,2016-08-05,2016-08-05,0.005669442753148641,,0.0
97,2016-08-12,2016-08-12,0.007738135445000498,,1.0
98,2016-08-19,2016-08-19,0.0030763326567904304,,0.0
99,2016-08-26,2016-08-26,0.015083123078947996,,0.0
100,2016-09-02,2016-09-02,0.0023833037819162486,,1.0
101,2016-09-09,2016-09-09,0.025252251816402727,,0.0
102,2016-09-16,2016-09-16,4.8858737605626465e-05,,1.0
103,2016-09-23,2016-09-23,0.004888732222982925,,1.0
104,2016-09-30,2016-09-30,0.00532608741468671,,1.0
105,2016-10-07,2016-10-07,0.015311076330554885,,0.0
106,2016-10-14,2016-10-14,0.015262421352647451,,0.0
107,2016-10-21,2016-10-21,0.002839651278448525,,1.0
108,2016-10-28,2016-10-28,0.011036106169353292,,0.0
109,2016-11-04,2016-11-04,0.02588964726137794,,0.0
110,2016-11-11,2016-11-11,0.03146210508368254,,1.0
111,2016-11-18,2016-11-18,0.0019437684547608993,,1.0
112,2016-11-25,2016-11-25,0.0028301445628485175,,1.0
113,2016-12-02,2016-12-02,0.02054920632179308,,0.0
114,2016-12-09,2016-12-09,0.029101060332344993,,1.0
115,2016-12-16,2016-12-16,0.011075146418144667,,0.0
116,2016-12-23,2016-12-23,0.0050179199826121046,,1.0
117,2016-12-30,2016-12-30,0.016641596410800312,,0.0
118,2017-01-06,2017-01-06,0.0033332672371140515,,1.0
119,2017-01-13,2017-01-13,0.00936447573193732,,0.0
120,2017-01-20,2017-01-20,0.006604122161386701,,1.0
121,2017-01-27,2017-01-27,0.0004551407255066909,,1.0
122,2017-02-03,2017-02-03,0.004609871221613898,,1.0
123,2017-02-10,2017-02-10,0.0009248676687115898,,1.0
124,2017-02-17,2017-02-17,0.00780978752731831,,1.0
125,2017-02-24,2017-02-24,0.0009462809280835708,,1.0
126,2017-03-03,2017-03-03,0.0012226003764951188,,1.0
127,2017-03-10,2017-03-10,0.010817750251589995,,0.0
128,2017-03-17,2017-03-17,0.0030914028838539605,,1.0
129,2017-03-24,2017-03-24,0.019964912597630044,,0.0
130,2017-03-31,2017-03-31,0.0007881967034910932,,1.0
131,2017-04-07,2017-04-07,0.001115557115109694,,1.0
132,2017-04-14,2017-04-14,0.017626580158011156,,0.0
133,2017-04-21,2017-04-21,0.005799205764873145,,1.0
134,2017-04-28,2017-04-28,0.01523503685485749,,0.0
135,2017-05-05,2017-05-05,0.0023668465746485247,,1.0
136,2017-05-12,2017-05-12,0.004682334344698024,,0.0
137,2017-05-19,2017-05-19,0.005813921124789633,,0.0
138,2017-05-26,2017-05-26,0.012811743988782681,,1.0
139,2017-06-02,2017-06-02,0.006892590264442113,,1.0
140,2017-06-09,2017-06-09,0.004454109404581827,,0.0
141,2017-06-16,2017-06-16,0.0016881551785159132,,1.0
142,2017-06-23,2017-06-23,0.0016269393698929435,,1.0
143,2017-06-30,2017-06-30,0.008051840661262041,,0.0
144,2017-07-07,2017-07-07,0.0007731853892568659,,1.0
145,2017-07-14,2017-07-14,0.01190718982437082,,1.0
146,2017-07-21,2017-07-21,0.0027041051164738554,,1.0
147,2017-07-28,2017-07-28,0.004131818614279791,,0.0
148,2017-08-04,2017-08-04,0.007825398660990784,,0.0
149,2017-08-11,2017-08-11,0.01795137909608031,,0.0
150,2017-08-18,2017-08-18,0.01008344334741455,,0.0
151,2017-08-25,2017-08-25,0.0050074864739905744,,1.0
152,2017-09-01,2017-09-01,0.008536078566804627,,1.0
153,2017-09-08,2017-09-08,0.007618757523803591,,0.0
154,2017-09-15,2017-09-15,0.01510440878293613,,1.0
155,2017-09-22,2017-09-22,0.005403091649744243,,1.0
156,2017-09-29,2017-09-29,0.002224182611333156,,1.0
157,2017-10-06,2017-10-06,0.0043211906753539905,,1.0
158,2017-10-13,2017-10-13,0.0019814753529578404,,1.0
159,2017-10-20,2017-10-20,0.004198298813075872,,1.0
160,2017-10-27,2017-10-27,0.003382618843885833,,1.0
161,2017-11-03,2017-11-03,0.00030012923715025137,,1.0
162,2017-11-10,2017-11-10,0.008752016886645238,,0.0
163,2017-11-17,2017-11-17,0.006429260609134825,,0.0
164,2017-11-24,2017-11-24,0.004054578063361361,,1.0
165,2017-12-01,2017-12-01,0.012887182120115798,,1.0
166,2017-12-08,2017-12-08,0.0020569044936847598,,1.0
167,2017-12-15,2017-12-15,0.0038732308348451826,,1.0
168,2017-12-22,2017-12-22,0.0019921286432913942,,1.0
169,2017-12-29,2017-12-29,0.013054741902896004,,0.0
170,2018-01-05,2018-01-05,0.02051306222554523,,0.0
171,2018-01-12,2018-01-12,0.013331116455134025,,1.0
172,2018-01-19,2018-01-19,0.010258461446525752,,1.0
173,2018-01-26,2018-01-26,0.015057433092787648,,1.0
174,2018-02-02,2018-02-02,0.04480947063930796,,0.0
175,2018-02-09,2018-02-09,0.057179761619671914,,0.0
176,2018-02-16,2018-02-16,0.03731023887318905,,1.0
177,2018-02-23,2018-02-23,0.0017972206633048889,,1.0
178,2018-03-02,2018-03-02,0.027780928049348133,,0.0
179,2018-03-09,2018-03-09,0.029102285075271867,,1.0
180,2018-03-16,2018-03-16,0.013686113889475045,,0.0
181,2018-03-23,2018-03-23,0.0675514310436332,,0.0
182,2018-03-30,2018-03-30,0.005404993401291584,,0.0
183,2018-04-06,2018-04-06,0.016079124582106714,,0.0
184,2018-04-13,2018-04-13,0.015143403077381384,,1.0
185,2018-04-20,2018-04-20,0.00021995762770869037,,1.0
186,2018-04-27,2018-04-27,0.006779832918815529,,0.0
187,2018-05-04,2018-05-04,0.004322350204599275,,0.0
188,2018-05-11,2018-05-11,0.020075364377414594,,1.0
189,2018-05-18,2018-05-18,0.009885000761598178,,0.0
190,2018-05-25,2018-05-25,0.0011551502322414984,,1.0
191,2018-06-01,2018-06-01,0.0005417119858203774,,1.0
192,2018-06-08,2018-06-08,0.01664283762518519,,0.0
193,2018-06-15,2018-06-15,0.0003202965398639828,,0.0
194,2018-06-22,2018-06-22,0.006422571028200626,,1.0
195,2018-06-29,2018-06-29,0.012114593411860674,,1.0
196,2018-07-06,2018-07-06,0.01590952392444362,,0.0
197,2018-07-13,2018-07-13,0.013099210604842492,,1.0
198,2018-07-20,2018-07-20,0.0041733655390801296,,1.0
199,2018-07-27,2018-07-27,0.007856704854305839,,0.0
200,2018-08-03,2018-08-03,0.003933167548397438,,1.0
201,2018-08-10,2018-08-10,0.005281776077657595,,0.0
202,2018-08-17,2018-08-17,0.0041668456984497015,,1.0
203,2018-08-24,2018-08-24,0.005455042910187013,,1.0
204,2018-08-31,2018-08-31,0.006510032702786091,,1.0
205,2018-09-07,2018-09-07,0.009920808298788494,,1.0
206,2018-09-14,2018-09-14,0.010697277967824229,,1.0
207,2018-09-21,2018-09-21,0.008036085798312912,,1.0
208,2018-09-28,2018-09-28,0.002779064638797346,,1.0
209,2018-10-05,2018-10-05,0.01049017337831024,,0.0
210,2018-10-12,2018-10-12,0.04010868238928868,,1.0
211,2018-10-19,2018-10-19,0.0010107463622683914,,0.0
212,2018-10-26,2018-10-26,0.04066281718989693,,0.0
213,2018-11-02,2018-11-02,0.024178806134332324,,0.0
214,2018-11-09,2018-11-09,0.02090269985113793,,1.0
215,2018-11-16,2018-11-16,0.017593356890729307,,0.0
216,2018-11-23,2018-11-23,0.03369835061284775,,1.0
217,2018-11-30,2018-11-30,0.04497583165629184,,1.0
218,2018-12-07,2018-12-07,0.04001116747711073,,0.0
219,2018-12-14,2018-12-14,0.011035723723907417,,1.0
220,2018-12-21,2018-12-21,0.07354742368103036,,0.0
221,2018-12-28,2018-12-28,0.00842541253609714,,0.0
222,2019-01-04,2019-01-04,0.016200744176659045,,1.0
223,2019-01-11,2019-01-11,0.02323717208171868,,1.0
224,2019-01-18,2019-01-18,0.029519045982715195,,0.0
225,2019-01-25,2019-01-25,0.009645843434473722,,1.0
226,2019-02-01,2019-02-01,0.01580753110925697,,0.0
227,2019-02-08,2019-02-08,0.0007378760838014256,,0.0
228,2019-02-15,2019-02-15,0.025034308137906136,,0.0
229,2019-02-22,2019-02-22,0.018827989394967774,,0.0
230,2019-03-01,2019-03-01,0.005564282409681601,,0.0
231,2019-03-08,2019-03-08,0.020956781460129737,,1.0
232,2019-03-15,2019-03-15,0.026355229912636162,,1.0
233,2019-03-22,2019-03-22,0.0055963839754590485,,1.0
234,2019-03-29,2019-03-29,0.007623298800221061,,1.0
235,2019-04-05,2019-04-05,0.0349432505093178,,0.0
236,2019-04-12,2019-04-12,0.0016126743827104065,,1.0
237,2019-04-19,2019-04-19,0.007194055229486646,,0.0
238,2019-04-26,2019-04-26,0.005713043339663562,,1.0
239,2019-05-03,2019-05-03,0.0012937064312954771,,1.0
240,2019-05-10,2019-05-10,0.028702489051512244,,0.0
241,2019-05-17,2019-05-17,0.00780914359151717,,0.0
242,2019-05-24,2019-05-24,0.019275513829345364,,0.0
243,2019-05-31,2019-05-31,0.029568329481260803,,0.0
244,2019-06-07,2019-06-07,0.0415165639563208,,1.0
245,2019-06-14,2019-06-14,0.0009893161463110029,,1.0
246,2019-06-21,2019-06-21,0.022067742157058413,,0.0
247,2019-06-28,2019-06-28,0.00699494310316566,,0.0
248,2019-07-05,2019-07-05,0.017709637355848636,,1.0
249,2019-07-12,2019-07-12,0.003963370853370731,,1.0
250,2019-07-19,2019-07-19,0.013511446500442718,,0.0
251,2019-07-26,2019-07-26,0.014391594603625737,,1.0
252,2019-08-02,2019-08-02,0.03461391314453782,,0.0
253,2019-08-09,2019-08-09,0.008957069718850338,,0.0
254,2019-08-16,2019-08-16,0.011079435467954764,,0.0
255,2019-08-23,2019-08-23,0.018778351678683313,,0.0
256,2019-08-30,2019-08-30,0.028668147712146666,,0.0
257,2019-09-06,2019-09-06,0.014748947427981881,,1.0
258,2019-09-13,2019-09-13,0.0060075978325238935,,1.0
259,2019-09-20,2019-09-20,0.006801257742933938,,0.0
260,2019-09-27,2019-09-27,0.011272035850354415,,0.0
261,2019-10-04,2019-10-04,0.007432652863987647,,0.0
262,2019-10-11,2019-10-11,0.0031771908063369797,,1.0
263,2019-10-18,2019-10-18,0.0004222578759425222,,1.0
264,2019-10-25,2019-10-25,0.009548965422502158,,1.0
265,2019-11-01,2019-11-01,0.013270356293464097,,1.0
266,2019-11-08,2019-11-08,0.004364160782354954,,1.0
267,2019-11-15,2019-11-15,0.007384919097041833,,1.0
268,2019-11-22,2019-11-22,0.006584700990215055,,0.0
269,2019-11-29,2019-11-29,0.00728238962964102,,1.0
270,2019-12-06,2019-12-06,0.0008098588629241489,,1.0
271,2019-12-13,2019-12-13,0.002695678390738851,,1.0
272,2019-12-20,2019-12-20,0.012916298733638493,,1.0
273,2019-12-27,2019-12-27,0.003126168920680586,,1.0
274,2020-01-03,2020-01-03,0.01396176549022423,,0.0
275,2020-01-10,2020-01-10,0.003441971056842366,,1.0
276,2020-01-17,2020-01-17,0.01060227593758778,,1.0
277,2020-01-24,2020-01-24,0.012903800440570209,,0.0
278,2020-01-31,2020-01-31,0.027679732310914036,,0.0
279,2020-02-07,2020-02-07,0.024734548602623703,,1.0
280,2020-02-14,2020-02-14,0.011993446027806425,,1.0
281,2020-02-21,2020-02-21,0.015162751250963367,,0.0
282,2020-02-28,2020-02-28,0.12660423918594296,,0.0
283,2020-03-06,2020-03-06,0.0005754261279286958,,1.0
284,2020-03-13,2020-03-13,0.09652373440323035,,0.0
285,2020-03-20,2020-03-20,0.16697664376764523,,0.0
286,2020-03-27,2020-03-27,0.09336995261271079,,1.0
287,2020-04-03,2020-04-03,0.024230133829612907,,0.0
288,2020-04-10,2020-04-10,0.09483018472980831,,1.0
289,2020-04-17,2020-04-17,0.02498996458333056,,1.0
290,2020-04-24,2020-04-24,0.018131861471717078,,0.0
291,2020-05-01,2020-05-01,0.007589806600187793,,0.0
292,2020-05-08,2020-05-08,0.03086243538539292,,1.0
293,2020-05-15,2020-05-15,0.025690366336771533,,0.0
294,2020-05-22,2020-05-22,0.027390365481219835,,1.0
295,2020-05-29,2020-05-29,0.02872656358828734,,1.0
296,2020-06-05,2020-06-05,0.04283803412458329,,1.0
297,2020-06-12,2020-06-12,0.053582938810326906,,0.0
298,2020-06-19,2020-06-19,0.012238379473127878,,1.0
299,2020-06-26,2020-06-26,0.033147507906957745,,0.0
300,2020-07-03,2020-07-03,0.00516290746637512,,1.0
301,2020-07-10,2020-07-10,0.012625848635255121,,1.0
302,2020-07-17,2020-07-17,0.0036204160742810063,,1.0
303,2020-07-24,2020-07-24,0.007528234040553916,,0.0
304,2020-07-31,2020-07-31,0.004482057243554119,,1.0
305,2020-08-07,2020-08-07,0.006020466654312759,,1.0
306,2020-08-14,2020-08-14,0.0003486981586406923,,1.0
307,2020-08-21,2020-08-21,0.01002159764102798,,1.0
308,2020-08-28,2020-08-28,0.024957217315979108,,1.0
309,2020-09-04,2020-09-04,0.039867673418345184,,0.0
310,2020-09-11,2020-09-11,0.04326070981498544,,0.0
311,2020-09-18,2020-09-18,0.017954590306640685,,0.0
312,2020-09-25,2020-09-25,0.016155816010188492,,0.0
313,2020-10-02,2020-10-02,0.003266477685324287,,1.0
314,2020-10-09,2020-10-09,0.02530041315475847,,1.0
315,2020-10-16,2020-10-16,0.011862172878160687,,1.0
316,2020-10-23,2020-10-23,0.012997005807163016,,0.0
317,2020-10-30,2020-10-30,0.06782202291523548,,0.0
318,2020-11-06,2020-11-06,0.05919915334996101,,1.0
319,2020-11-13,2020-11-13,0.006016659036199641,,1.0
320,2020-11-20,2020-11-20,0.018236097736625538,,0.0
321,2020-11-27,2020-11-27,0.012751617613587937,,1.0
322,2020-12-04,2020-12-04,0.029959798622605352,,1.0
323,2020-12-11,2020-12-11,0.01955798845892509,,0.0
324,2020-12-18,2020-12-18,0.0022013031419378624,,1.0
325,2020-12-25,2020-12-25,0.015661907767222382,,0.0
326,2021-01-01,2021-01-01,0.006278629140051261,,1.0
327,2021-01-08,2021-01-08,0.018842593381667994,,0.0
328,2021-01-15,2021-01-15,0.03517878815926895,,0.0
329,2021-01-22,2021-01-22,0.0067887073479190145,,1.0
330,2021-01-29,2021-01-29,0.027684190191758114,,1.0
331,2021-02-05,2021-02-05,0.05678015755243805,,0.0
332,2021-02-12,2021-02-12,0.01043714382599693,,1.0
333,2021-02-19,2021-02-19,0.02101316261031858,,0.0
334,2021-02-26,2021-02-26,0.04842905996741709,,0.0
335,2021-03-05,2021-03-05,0.013800751767164877,,1.0
336,2021-03-12,2021-03-12,0.008516589331877704,,1.0
337,2021-03-19,2021-03-19,0.023964667296155397,,0.0
338,2021-03-26,2021-03-26,0.002694159927940946,,1.0
339,2021-04-02,2021-04-02,0.009006103130334543,,1.0
340,2021-04-09,2021-04-09,0.008639129227138054,,1.0
341,2021-04-16,2021-04-16,0.0016327377392747477,,1.0
342,2021-04-23,2021-04-23,0.015453263743348086,,0.0
343,2021-04-30,2021-04-30,0.012383300782017275,,1.0
344,2021-05-07,2021-05-07,0.0030370741413103114,,1.0
345,2021-05-14,2021-05-14,0.025453758689404915,,0.0
346,2021-05-21,2021-05-21,0.01958962210186653,,0.0
347,2021-05-28,2021-05-28,0.0038976789670451643,,1.0
348,2021-06-04,2021-06-04,0.005054383804924779,,1.0
349,2021-06-11,2021-06-11,0.006649418567355257,,1.0
350,2021-06-18,2021-06-18,0.02997671122735883,,0.0
351,2021-06-25,2021-06-25,0.01567086467760246,,1.0
352,2021-07-02,2021-07-02,0.005494378437835247,,1.0
353,2021-07-09,2021-07-09,0.006418958185400066,,1.0
354,2021-07-16,2021-07-16,0.023006519141070974,,0.0
355,2021-07-23,2021-07-23,0.0171101856936692,,1.0
356,2021-07-30,2021-07-30,0.013678873257742356,,0.0
357,2021-08-06,2021-08-06,0.0007965889634331084,,1.0
358,2021-08-13,2021-08-13,0.00641653647098156,,1.0
359,2021-08-20,2021-08-20,0.012309742207877318,,0.0
360,2021-08-27,2021-08-27,0.00745632254652966,,1.0
361,2021-09-03,2021-09-03,0.00241324060115947,,1.0
362,2021-09-10,2021-09-10,0.020642932723307184,,0.0
363,2021-09-17,2021-09-17,0.014504999922306725,,0.0
364,2021-09-24,2021-09-24,0.0009685194542601236,,1.0
365,2021-10-01,2021-10-01,0.030750908039343466,,0.0
366,2021-10-08,2021-10-08,0.0048269805077233024,,1.0
367,2021-10-15,2021-10-15,0.015376396912645852,,1.0
368,2021-10-22,2021-10-22,0.01858093879858439,,0.0
369,2021-10-29,2021-10-29,0.00516885524769365,,1.0
370,2021-11-05,2021-11-05,0.013499197989466812,,1.0
371,2021-11-12,2021-11-12,0.00452299054790465,,0.0
372,2021-11-19,2021-11-19,0.0005322637879259101,,1.0
373,2021-11-26,2021-11-26,0.030779473756441814,,0.0
374,2021-12-03,2021-12-03,0.017529543573440172,,0.0
375,2021-12-10,2021-12-10,0.032640873654869305,,1.0
376,2021-12-17,2021-12-17,0.025335619250708527,,0.0
377,2021-12-24,2021-12-24,0.007235394858340759,,1.0
378,2021-12-31,2021-12-31,0.0021794042263021396,,1.0
379,2022-01-07,2022-01-07,0.027427018237769767,,0.0
380,2022-01-14,2022-01-14,0.011427018220714208,,0.0
381,2022-01-21,2022-01-21,0.060962968955054056,,0.0
382,2022-01-28,2022-01-28,0.0013469210625156602,,1.0
383,2022-02-04,2022-02-04,0.011397473314464626,,1.0
384,2022-02-11,2022-02-11,0.02374976101053862,,0.0
385,2022-02-18,2022-02-18,0.021565776784632472,,0.0
386,2022-02-25,2022-02-25,0.0024718365260034264,,1.0
387,2022-03-04,2022-03-04,0.014992070102212651,,0.0
388,2022-03-11,2022-03-11,0.0332890291903845,,0.0
389,2022-03-18,2022-03-18,0.05909312029330166,,1.0
390,2022-03-25,2022-03-25,0.012383341508282734,,1.0
391,2022-04-01,2022-04-01,0.0034970970003316143,,1.0
392,2022-04-08,2022-04-08,0.013459851093700188,,0.0
393,2022-04-15,2022-04-15,0.027719945921664574,,0.0
394,2022-04-22,2022-04-22,0.035432740097214456,,0.0
395,2022-04-29,2022-04-29,0.04402314585818309,,0.0
396,2022-05-06,2022-05-06,0.00547535631979907,,0.0
397,2022-05-13,2022-05-13,0.030177899782257607,,0.0
398,2022-05-20,2022-05-20,0.03392123458658683,,0.0
399,2022-05-27,2022-05-27,0.05826322698315959,,1.0
400,2022-06-03,2022-06-03,0.008688005580824644,,1.0
401,2022-06-10,2022-06-10,0.05389386181834146,,0.0
402,2022-06-17,2022-06-17,0.0681580400746816,,0.0
403,2022-06-24,2022-06-24,0.06036112978526883,,1.0
404,2022-07-01,2022-07-01,0.027750341050870965,,0.0
405,2022-07-08,2022-07-08,0.027812512667475704,,1.0
406,2022-07-15,2022-07-15,0.010836784501455532,,0.0
407,2022-07-22,2022-07-22,0.019705533546626346,,1.0
408,2022-07-29,2022-07-29,0.04865825683955098,,0.0
409,2022-08-05,2022-08-05,0.0027713621716604978,,1.0
410,2022-08-12,2022-08-12,0.027156387722856702,,1.0
411,2022-08-19,2022-08-19,0.014191038023314395,,0.0
412,2022-08-26,2022-08-26,0.03858836900901037,,1.0
413,2022-09-02,2022-09-02,0.03320213690478114,,1.0
414,2022-09-09,2022-09-09,0.03347546632883583,,0.0
415,2022-09-16,2022-09-16,0.05129376204282282,,0.0
416,2022-09-23,2022-09-23,0.04080526586210656,,1.0
417,2022-09-30,2022-09-30,0.031694526599426495,,0.0
418,2022-10-07,2022-10-07,0.010501134586706151,,1.0
419,2022-10-14,2022-10-14,0.017291514585850223,,0.0
420,2022-10-21,2022-10-21,0.05736658246337409,,0.0
421,2022-10-28,2022-10-28,0.04405910205103702,,0.0
422,2022-11-04,2022-11-04,0.012627666279256669,,1.0
423,2022-11-11,2022-11-11,0.06562701117266798,,0.0
424,2022-11-18,2022-11-18,0.00025289823078104845,,1.0
425,2022-11-25,2022-11-25,0.025023983863030883,,0.0
426,2022-12-02,2022-12-02,0.02762921923808149,,0.0
427,2022-12-09,2022-12-09,0.02835581395727333,,1.0
428,2022-12-16,2022-12-16,0.011380053410264594,,1.0
429,2022-12-23,2022-12-23,0.0016421122474940125,,1.0
430,2022-12-30,2022-12-30,0.008751196691104454,,0.0
431,2023-01-06,2023-01-06,0.031357255338758966,,0.0
432,2023-01-13,2023-01-13,0.028248418425525827,,0.0
433,2023-01-20,2023-01-20,0.003308129720422097,,1.0
434,2023-01-27,2023-01-27,0.027425910595844392,,0.0
435,2023-02-03,2023-02-03,0.021693385678655606,,0.0
436,2023-02-10,2023-02-10,0.0085709785608796,,1.0
437,2023-02-17,2023-02-17,0.0021733883931976394,,1.0
438,2023-02-24,2023-02-24,0.021152473159822098,,1.0
439,2023-03-03,2023-03-03,0.02391130188285022,,0.0
440,2023-03-10,2023-03-10,0.027019129106570727,,1.0
441,2023-03-17,2023-03-17,0.019571097476305407,,0.0
442,2023-03-24,2023-03-24,0.022815231622588528,,0.0
443,2023-03-31,2023-03-31,0.045093336104020124,,0.0
444,2023-04-07,2023-04-07,0.025931176494872914,,0.0
445,2023-04-14,2023-04-14,0.012897094852896515,,0.0
446,2023-04-21,2023-04-21,0.006716730814626377,,1.0
447,2023-04-28,2023-04-28,0.010007360303264469,,0.0
448,2023-05-05,2023-05-05,0.00685532080636906,,1.0
449,2023-05-12,2023-05-12,0.0013101990135374192,,1.0
450,2023-05-19,2023-05-19,0.02454011365284231,,0.0
451,2023-05-26,2023-05-26,0.010233154910669062,,0.0
452,2023-06-02,2023-06-02,0.033412088965686426,,0.0
453,2023-06-09,2023-06-09,0.014023692071793825,,0.0
454,2023-06-16,2023-06-16,0.03791961752541695,,0.0
455,2023-06-23,2023-06-23,0.0039904651048688206,,1.0
456,2023-06-30,2023-06-30,0.02714841803111817,,0.0
457,2023-07-07,2023-07-07,0.00827880314744707,,0.0
458,2023-07-14,2023-07-14,0.027122197162086983,,0.0
459,2023-07-21,2023-07-21,0.010793737827659453,,0.0
460,2023-07-28,2023-07-28,0.01767631221452605,,0.0
461,2023-08-04,2023-08-04,0.012442032425090538,,1.0
462,2023-08-11,2023-08-11,0.001158567547787398,,1.0
463,2023-08-18,2023-08-18,0.012567916101698676,,1.0
464,2023-08-25,2023-08-25,0.013338851296086918,,0.0
465,2023-09-01,2023-09-01,0.028471863155539567,,0.0
466,2023-09-08,2023-09-08,0.001495510890859461,,1.0
467,2023-09-15,2023-09-15,0.0028815827560970536,,1.0
468,2023-09-22,2023-09-22,0.023607584395499287,,1.0
469,2023-09-29,2023-09-29,0.0013175305184286168,,1.0
470,2023-10-06,2023-10-06,0.006462899523554971,,0.0
471,2023-10-13,2023-10-13,0.00786584882151653,,0.0
472,2023-10-20,2023-10-20,0.014025304192193222,,1.0
473,2023-10-27,2023-10-27,0.027517239392967643,,0.0
474,2023-11-03,2023-11-03,0.060331666488739305,,0.0
475,2023-11-10,2023-11-10,0.017673994258322015,,0.0
476,2023-11-17,2023-11-17,0.02737550645045385,,0.0
477,2023-11-24,2023-11-24,0.0160731674657785,,0.0
478,2023-12-01,2023-12-01,0.015061497128125864,,0.0
479,2023-12-08,2023-12-08,0.009736164017398935,,0.0
480,2023-12-15,2023-12-15,0.030047522174182606,,0.0
481,2023-12-22,2023-12-22,0.015857351161822686,,0.0
482,2023-12-29,2023-12-29,0.016636981411720056,,0.0
483,2024-01-05,2024-01-05,0.00711381751258211,,1.0
484,2024-01-12,2024-01-12,0.028443889886262202,,0.0
485,2024-01-19,2024-01-19,0.022326323289356076,,0.0
486,2024-01-26,2024-01-26,0.016845871120291456,,0.0
487,2024-02-02,2024-02-02,0.027449731829194968,,0.0
488,2024-02-09,2024-02-09,0.024235306217796335,,0.0
489,2024-02-16,2024-02-16,0.006344324148242125,,1.0
490,2024-02-23,2024-02-23,0.031399206518874886,,0.0
491,2024-03-01,2024-03-01,0.016795055945167114,,0.0
492,2024-03-08,2024-03-08,0.013074164773969402,,1.0
493,2024-03-15,2024-03-15,0.014041976149293228,,1.0
494,2024-03-22,2024-03-22,0.03757069369141425,,0.0
495,2024-03-29,2024-03-29,0.0052158677261573555,,0.0
496,2024-04-05,2024-04-05,0.026231802476854305,,1.0
497,2024-04-12,2024-04-12,0.007203622217453076,,1.0
498,2024-04-19,2024-04-19,0.01621079658336183,,1.0
499,2024-04-26,2024-04-26,0.03361948862698752,,0.0
500,2024-05-03,2024-05-03,0.017109438137607347,,0.0
501,2024-05-10,2024-05-10,0.023483140835385885,,0.0
502,2024-05-17,2024-05-17,0.027402500365455162,,0.0
503,2024-05-24,2024-05-24,0.0073714429594850805,,0.0
504,2024-05-31,2024-05-31,0.014265824236698851,,0.0
505,2024-06-07,2024-06-07,0.021811746370054813,,0.0
506,2024-06-14,2024-06-14,0.023324466789433174,,0.0
507,2024-06-21,2024-06-21,0.011926589669369173,,0.0
508,2024-06-28,2024-06-28,0.008052625049827136,,1.0
509,2024-07-05,2024-07-05,0.024843682568911937,,0.0
510,2024-07-12,2024-07-12,0.02127178453857448,,0.0
511,2024-07-19,2024-07-19,0.014308356860165239,,1.0
512,2024-07-26,2024-07-26,0.001447623177579127,,1.0
513,2024-08-02,2024-08-02,0.013814359649838043,,1.0
514,2024-08-09,2024-08-09,0.0108811613144804,,1.0
515,2024-08-16,2024-08-16,0.04654868745292029,,0.0
516,2024-08-23,2024-08-23,0.025006101345608975,,0.0
517,2024-08-30,2024-08-30,0.006627687001851956,,0.0
518,2024-09-06,2024-09-06,0.021229442062249027,,1.0
519,2024-09-13,2024-09-13,0.05525895067062894,,0.0
520,2024-09-20,2024-09-20,0.022347337719268792,,0.0
521,2024-09-27,2024-09-27,0.01401372587262606,,0.0
522,2024-10-04,2024-10-04,0.012240524803021582,,0.0
523,2024-10-11,2024-10-11,0.019417870480901975,,0.0
524,2024-10-18,2024-10-18,0.018533628574968944,,0.0
525,2024-10-25,2024-10-25,0.002767255132849783,,1.0
526,2024-11-01,2024-11-01,0.0047927915529673015,,1.0
527,2024-11-08,2024-11-08,0.05254144788809184,,0.0
528,2024-11-15,2024-11-15,0.01049483979006205,,1.0
529,2024-11-22,2024-11-22,0.026487081852694952,,0.0
530,2024-11-29,2024-11-29,0.023506314035626072,,0.0
531,2024-12-06,2024-12-06,0.016474769300340045,,0.0
532,2024-12-13,2024-12-13,0.004589158316133504,,1.0
533,2024-12-20,2024-12-20,0.0108059898373037,,1.0
534,2024-12-27,2024-12-27,0.021434211643211465,,0.0
535,2025-01-03,2025-01-03,0.006284410181983641,,1.0
536,2025-01-10,2025-01-10,0.0027307124394702204,,1.0
537,2025-01-17,2025-01-17,0.03669661480838776,,0.0
538,2025-01-24,2025-01-24,0.03385408547049598,,0.0
539,2025-01-31,2025-01-31,0.005928783494447351,,1.0
540,2025-02-07,2025-02-07,0.009228530048861636,,1.0
541,2025-02-14,2025-02-14,0.024425917944135067,,0.0
542,2025-02-21,2025-02-21,0.009378345024255011,,1.0
543,2025-02-28,2025-02-28,0.00013095695014309072,,1.0
544,2025-03-07,2025-03-07,0.025738730049757436,,1.0
545,2025-03-14,2025-03-14,0.014780965328769241,,1.0
546,2025-03-21,2025-03-21,0.011386932281601148,,0.0
547,2025-03-28,2025-03-28,0.0058456396995397175,,1.0
548,2025-04-04,2025-04-04,0.0909190140682925,,1.0
549,2025-04-11,2025-04-11,0.06554632264940165,,0.0
550,2025-04-18,2025-04-18,0.012523514747481979,,0.0
551,2025-04-25,2025-04-25,0.049125968837510706,,0.0
552,2025-05-02,2025-05-02,0.038494060964623183,,0.0
553,2025-05-09,2025-05-09,0.006593124300356509,,1.0
554,2025-05-16,2025-05-16,0.06020874928714601,,0.0
555,2025-05-23,2025-05-23,0.01456146928342883,,1.0
556,2025-05-30,2025-05-30,0.01949488993089353,,0.0
557,2025-06-06,2025-06-06,0.027835268084678164,,0.0
558,2025-06-13,2025-06-13,0.006237299614359537,,1.0
559,2025-06-20,2025-06-20,0.00011235173061757697,,1.0
560,2025-06-27,2025-06-27,0.04375437671270385,,0.0
561,2025-07-04,2025-07-04,0.031760340541076335,,0.0
562,2025-07-11,2025-07-11,0.0062835325737550934,,1.0
563,2025-07-18,2025-07-18,0.015059386896320498,,0.0
564,2025-07-25,2025-07-25,0.021144383964854824,,0.0
565,2025-08-01,2025-08-01,0.013333172153142225,,1.0
566,2025-08-08,2025-08-08,0.03152091961972524,,0.0
567,2025-08-15,2025-08-15,0.017978764521167673,,0.0
568,2025-08-22,2025-08-22,0.01012993174289406,,0.0
569,2025-08-29,2025-08-29,0.009485304824700919,,1.0
570,2025-09-05,2025-09-05,0.005684062793667233,,1.0
571,2025-09-12,2025-09-12,0.021292909626072068,,0.0
572,2025-09-19,2025-09-19,0.022904957645613802,,0.0
573,2025-09-26,2025-09-26,0.004457645908139199,,1.0
574,2025-10-03,2025-10-03,0.019608110490195035,,0.0
575,2025-10-10,2025-10-10,0.016228891860679814,,1.0
576,2025-10-17,2025-10-17,0.027898923434348785,,0.0
577,2025-10-24,2025-10-24,0.02558895322366131,,0.0
578,2025-10-31,2025-10-31,0.014103699650260565,,0.0
579,2025-11-07,2025-11-07,0.002536932045935525,,1.0
580,2025-11-14,2025-11-14,0.013748031970669483,,0.0
