date,y_true,y_pred_mean,y_pred_p10,y_pred_p50,y_pred_p90,y_pred_lin,y_pred_xgb
2014-05-30,0.016289389,0.00048194677,-0.0009661361575126648,-7.865577936172485e-05,0.0021474987268447878,-0.006301546097275429,-0.013819519
2014-06-06,0.013359315,-0.000750415,-0.002312880754470825,-0.00031087547540664673,0.0006760552525520326,-0.006748161783641182,-0.0052205203
2014-06-13,-0.006835474,0.0029112757,0.00038930922746658323,0.0013462156057357788,0.006651352345943451,0.005470327659635232,-0.018811414
2014-06-20,0.0137010375,0.002014357,0.0008562982082366943,0.001241929829120636,0.003933244943618775,-0.0031209072712180264,-0.021748876
2014-06-27,-0.00097355613,0.002405277,-0.0013126149773597716,0.0034964829683303833,0.00548761785030365,-0.0001873244514834782,-0.021180404
2014-07-04,0.014315438,0.0031924634,-0.00010068714618682861,0.003992028534412384,0.00585051029920578,-0.004291054830030727,-0.024759132
2014-07-11,-0.009041271,0.004802443,0.0018618851900100708,0.0031500011682510376,0.008728335797786712,-0.0011833497618023991,-0.027932988
2014-07-18,0.005398184,0.0022995577,-0.0014474794268608093,0.0032038316130638123,0.005894362926483154,-0.002215554317245183,-0.027383666
2014-07-25,6.0656286e-05,0.00071876793,-0.0011543527245521546,0.00010655075311660767,0.0032295778393745425,-0.0020700618195147735,-0.027076574
2014-08-01,-0.027254192,0.005165295,0.002766627073287964,0.005519077181816101,0.007304219901561737,-0.0033752986108738503,-0.033837933
2014-08-08,0.0033395807,0.0073049692,0.005090951919555664,0.007691800594329834,0.009494073688983917,0.0005535282313585688,-0.035208333
2014-08-15,0.012077433,0.0024999753,-0.0017264768481254577,0.00105217844247818,0.008111803233623505,-0.0014012919484994446,-0.036048457
2014-08-22,0.016909394,0.0044490383,0.000565163791179657,0.005723290145397186,0.007194794714450836,-0.005791715912067508,-0.030160056
2014-08-29,0.0075004525,0.0005515978,-0.0006625786423683167,9.135156869888306e-05,0.0020093172788619995,0.0027462794397771773,-0.036786243
2014-09-05,0.0054789037,0.0059061674,0.003231866657733917,0.005147181451320648,0.009059999883174897,-0.0047733641957625195,-0.03468709
2014-09-12,-0.011103813,0.0013433173,-0.0021393075585365295,0.0018765851855278015,0.004483173787593842,-0.0011215049418560052,-0.025379205
2014-09-19,0.0124427825,0.0010805503,-0.00037173181772232056,0.0010620281100273132,0.002465657889842987,-0.010553234637621783,-0.035581846
2014-09-26,-0.013798528,0.005058239,-0.00037791579961776733,0.0036990344524383545,0.011233814060688019,0.005216218838221182,-0.025322309
2014-10-03,-0.0075681945,0.0021055355,-0.0020741745829582214,0.0022882744669914246,0.006001032888889313,-0.016792641903988575,-0.03865542
2014-10-10,-0.031891987,0.0026142225,-0.00125688761472702,0.0027870163321495056,0.006259068846702576,-2.844878439545173e-05,-0.028485097
2014-10-17,-0.010213934,0.0050794496,0.0014480531215667724,0.003098033368587494,0.010927990078926086,-0.0015896686074187982,-0.036641546
2014-10-24,0.04041738,0.00204992,-0.001922015845775604,0.0015923306345939636,0.006356008350849152,3.225257539682391e-05,-0.04511802
2014-10-31,0.026853263,0.0015174284,-0.003391660749912262,0.0018395930528640747,0.0069645002484321605,0.0006437586106311788,-0.03876812
2014-11-07,0.0068494575,0.006339063,0.004264940321445465,0.00575140118598938,0.00883273035287857,0.004216928648033441,-0.03467347
2014-11-14,0.0038803618,0.001161933,-0.003307831287384033,0.0021832138299942017,0.004545184969902039,-0.006520886470809062,-0.044888347
2014-11-21,0.011542028,0.006365289,0.0008326634764671327,0.009256355464458466,0.010086552798748016,0.008391850734613071,-0.031210905
2014-11-28,0.007188839,0.00627788,-0.0017177388072013855,0.005481041967868805,0.014685016870498658,-0.00580282465059101,-0.03079416
2014-12-05,0.0037703111,0.00931334,0.003188197314739227,0.0072428882122039795,0.016800557076931,0.0026120634766656214,-0.034731574
2014-12-12,-0.035828028,0.002324462,-0.0024433284997940063,0.003129027783870697,0.006495974957942963,-0.002385167857801296,-0.02979861
2014-12-19,0.03355104,0.0032092005,-0.00023250728845596307,0.0024091899394989014,0.00706249475479126,0.0035258960942171486,-0.03324334
2014-12-26,0.013272502,0.008915564,0.004209578037261963,0.009384773671627045,0.013233910501003266,0.0012258372880497997,-0.03728247
2015-01-02,-0.011439485,0.0145497,0.010351918637752533,0.012843340635299683,0.019882772862911225,0.008614199433070804,-0.046554945
2015-01-09,-0.0065268865,0.017389614,0.013997030258178712,0.019048325717449188,0.019201000034809113,0.00030923615423950057,-0.036194913
2015-01-16,-0.012494541,0.013647052,0.00605897456407547,0.013195253908634186,0.020667268335819243,0.012836687578247838,-0.04773524
2015-01-23,0.029251767,0.013819325,0.006969067454338074,0.015381842851638794,0.020118644833564757,-0.002454128226753338,-0.04328785
2015-01-30,-0.028088205,0.017268118,0.011049866676330566,0.017618753015995026,0.022639070451259614,0.00901004060770752,-0.04183086
2015-02-06,0.029865485,0.01786818,0.009046541154384613,0.01844143122434616,0.0258088618516922,0.0046641457787608975,-0.046848744
2015-02-13,0.019998461,0.016187014,0.010323302447795868,0.012548796832561493,0.024015764892101287,0.0025324382796027556,-0.04480205
2015-02-20,0.010393621,0.019067395,0.01345549374818802,0.017230957746505737,0.02564440220594406,0.01186822200270847,-0.028481234
2015-02-27,-0.0027522314,0.017715855,0.008183227479457855,0.021706432104110718,0.024935583770275115,0.0005919936653071972,-0.027223459
2015-03-06,-0.015920786,0.016578656,0.014517556130886077,0.01735313981771469,0.018378888070583344,0.005994940913968863,-0.026892707
2015-03-13,-0.008660214,0.013121983,0.004704867303371429,0.016792677342891693,0.01967797726392746,0.008834228812017772,-0.027146842
2015-03-20,0.026290206,0.016441511,0.012596343457698823,0.015915341675281525,0.020595629513263703,0.004163909550225234,-0.025719048
2015-03-27,-0.022586098,0.02020624,0.014727753400802613,0.016301095485687256,0.028253357112407684,0.010098904658255414,-0.030657513
2015-04-03,0.0052436553,0.019333472,0.01275610476732254,0.01792052388191223,0.026850728690624236,0.0044453642626739315,-0.03235029
2015-04-10,0.016838934,0.01909422,0.01529402583837509,0.01851559430360794,0.02329537123441696,0.006797843952463786,-0.03665496
2015-04-17,-0.009982836,0.020643957,0.011832261085510255,0.02111256867647171,0.02851470112800598,0.005898143271220527,-0.03519853
2015-04-24,0.017390836,0.01974896,0.010266186296939851,0.02072364091873169,0.02796662747859955,0.005863471638235085,-0.033328723
2015-05-01,-0.004448633,0.0030139298,0.00018389970064163212,0.003200240433216095,0.005806572735309601,-0.0005455854533461812,-0.011074331
2015-05-08,0.0036976072,0.0010942832,-0.0015968188643455505,0.0020294785499572754,0.0028525546193122866,-0.0044297543818189455,-0.02771529
2015-05-15,0.0031281689,0.00406705,-0.0015187636017799377,0.005596578121185303,0.00847066342830658,-0.0006013616387678666,-0.024727628
2015-05-22,0.0015675422,0.003810489,0.0017378494143486024,0.0027695298194885254,0.00637795627117157,-0.006955149396908666,-0.027470788
2015-05-29,-0.01105675,0.00059559644,-0.000738784670829773,2.794712781906128e-05,0.0024482235312461853,-0.00038626012323247916,-0.026516065
2015-06-05,-0.0069329096,0.0016382396,0.0005066350102424621,0.0012628138065338135,0.002903038263320923,-0.005210011483124333,-0.036054015
2015-06-12,0.00061143906,0.00046233088,-0.0010108500719070435,-0.0009065791964530945,0.003287042677402497,-0.006688968255186473,-0.037666496
2015-06-19,0.00755451,0.00036760868,-0.006351801753044128,-0.00136459618806839,0.007864777743816376,0.001542684774420655,-0.03425737
2015-06-26,-0.0040365914,0.0005886078,-0.0026470854878425597,0.0017952397465705872,0.003036835789680481,-0.004437884913910228,-0.039174154
2015-07-03,-0.012218136,0.0018394351,-0.00021193474531173702,0.0024763494729995728,0.003387574851512909,-0.002800656218720221,-0.02356493
2015-07-10,-7.700299e-05,0.0056720017,0.0016439095139503478,0.0059609487652778625,0.009523694217205048,-0.007155692787308321,-0.045701887
2015-07-17,0.023801591,-6.845147e-05,-0.0037315323948860168,-0.0035675764083862305,0.005720187723636628,0.00516095862925578,-0.034849122
2015-07-24,-0.022343656,-6.876141e-05,-0.005370709300041199,0.0026428699493408203,0.003529578447341919,0.002669395055547863,-0.018594885
2015-07-31,0.011564725,-0.0029754713,-0.010520364344120025,-0.0018370077013969421,0.00369211882352829,-0.002260261445143963,-0.038261537
2015-08-07,-0.012565314,-0.0029301196,-0.003955043852329254,-0.0030563175678253174,-0.0016818925738334655,-0.004704907029429661,-0.03188014
2015-08-14,0.006701681,0.0039093466,0.0005395203828811646,0.0015272274613380432,0.009018690884113313,0.0014276031245766263,-0.0398191
2015-08-21,-0.05941543,-0.0002451703,-0.006298869848251343,0.0001258552074432373,0.005427002906799317,-0.009716531658017197,-0.040874027
2015-08-28,0.009081411,0.00053030404,-0.0011909067630767821,0.0010209381580352783,0.0018057018518447877,0.002169738877432742,-0.024796244
2015-09-04,-0.034606252,0.0012309387,-0.0035024866461753844,0.0023497864603996277,0.0050554037094116214,-0.013821250878660096,-0.03179902
2015-09-11,0.0050713746,-0.0022268996,-0.006572267413139344,-0.002625398337841034,0.0019305542111396792,0.00238876200928434,-0.029506478
2015-09-18,-0.0015411882,-0.0048936727,-0.008735619485378265,-0.005272179841995239,-0.0010223150253295898,0.00014564308368411605,-0.024866376
2015-09-25,-0.013724836,-0.0052252905,-0.009551322460174561,-0.004036836326122284,-0.0017577886581420896,0.004121149798647861,-0.040218666
2015-10-02,0.010312513,-0.006081985,-0.009912405908107758,-0.007744118571281433,-0.0010479882359504694,0.0031281296163382655,-0.023548508
2015-10-09,0.03203805,-0.003845924,-0.011520925164222717,-0.0026441067457199097,0.003114590048789978,-0.0028481899888035955,-0.037860416
2015-10-16,0.009002022,-0.0066946624,-0.01048719435930252,-0.005826510488986969,-0.003946395218372345,-0.0024524444954342473,-0.033233155
2015-10-23,0.02046676,0.00432857,0.0016745254397392273,0.002705678343772888,0.00816643238067627,6.708127003179909e-06,-0.0392679
2015-10-30,0.0020268126,0.005717234,0.0022859424352645874,0.005026772618293762,0.009271246194839478,-0.0014388484462610623,-0.04105899
2015-11-06,0.009496091,0.004897368,0.0027207985520362856,0.0043465495109558105,0.0075651749968528754,0.006875174400562706,-0.03472433
2015-11-13,-0.036954947,0.0054905997,0.00399351567029953,0.0050415173172950745,0.007203751802444458,-0.003540706701951002,-0.031388905
2015-11-20,0.03216547,-0.007856786,-0.013903898000717164,-0.0092291459441185,-0.001227782666683197,0.010101477684550109,-0.048137754
2015-11-27,0.004252882,-0.002116911,-0.008244264125823974,0.0002789348363876343,0.002544072270393372,0.003536007414131445,-0.045856748
2015-12-04,0.00075557607,-0.0034180135,-0.009253907203674316,-0.006109192967414856,0.0034996435046195985,0.010639541783706116,-0.010970165
2015-12-11,-0.038659193,0.0029316202,0.0011123940348625183,0.0014057159423828125,0.005992954969406128,-0.0011074113626504956,-0.029328706
2015-12-18,-0.0033947679,-0.005746335,-0.011172190308570862,-0.006983458995819092,0.000624214112758637,0.014357437237601148,-0.010104906
2015-12-25,0.009310588,0.00090371224,-0.001919703185558319,0.0010307803750038147,0.0037443324923515323,0.005395848496621267,-0.017589994
2016-01-01,-0.0099070715,-0.002394578,-0.004616968333721161,-0.00366288423538208,0.0005537703633308413,0.015804751393557206,-0.0023279607
2016-01-08,-0.061497353,0.00045329184,-0.008869247138500213,0.0037859901785850525,0.007212744653224945,0.008121437060652659,-0.016522793
2016-01-15,-0.021934664,-0.0044467687,-0.006481248140335083,-0.004237622022628784,-0.002759253978729248,0.003546740493562836,-0.02862873
2016-01-22,-0.0078041432,-0.0054793297,-0.007408745586872101,-0.0050322189927101135,-0.0035735517740249634,0.001826821446642632,-0.026644055
2016-01-29,0.017332772,-0.007583755,-0.012653227150440215,-0.005719631910324097,-0.003637498617172241,0.005781628844138756,-0.023506068
2016-02-05,-0.031513274,-0.009718418,-0.014985992014408112,-0.010450601577758789,-0.004189108312129974,0.004415424368659895,-0.012592103
2016-02-12,-0.008155298,-0.00782208,-0.011184360086917877,-0.0081423819065094,-0.004284366965293884,0.0014476437256364244,-0.03586424
2016-02-19,0.047355197,-0.005551158,-0.007744616270065308,-0.007370688021183014,-0.001967936754226684,0.00995453551741532,-0.03004267
2016-02-26,0.015660616,-0.0011413023,-0.006463445723056793,0.0006328821182250977,0.0031182736158370974,0.007407914276714014,-0.018540494
2016-03-04,0.026313279,-0.00096449256,-0.004013755917549133,-0.0013275370001792908,0.002331557869911194,0.002515247437998261,-0.022392487
2016-03-11,0.011038878,0.0041160807,-0.0009927451610565186,0.006971240043640137,0.007763391733169556,0.006656955573946979,-0.024553888
2016-03-18,0.013453878,0.002723366,0.0005176976323127746,0.0017216131091117859,0.0055553242564201355,0.0074334978871159335,-0.010149278
2016-03-25,-0.002281365,0.0075750453,-0.000704054534435272,0.00765499472618103,0.016059480607509613,0.004474262712819088,-0.031749543
2016-04-01,0.017933115,0.008504987,0.002478906512260437,0.008336953818798065,0.014930780231952668,0.006659754223791767,-0.020500291
2016-04-08,-0.0122223515,0.0037331805,-0.00018286705017089844,0.003552839159965515,0.007818934321403504,0.00401951389044318,-0.024230223
2016-04-15,0.01605042,0.0026655137,-0.0010830625891685487,0.002720169723033905,0.006928987801074982,-0.0010009747598314633,-0.033873737
2016-04-22,0.005201014,0.00682344,0.0026005938649177555,0.004822693765163422,0.01238124817609787,0.005425714741874241,-0.028922336
2016-04-29,-0.012644281,0.0049460037,0.0018630072474479676,0.0032573193311691284,0.009407728910446167,0.0038173763064291016,-0.03582739
2016-05-06,-0.0039589014,0.0023827837,-0.0004463315010070801,0.0013208761811256409,0.006127640604972839,0.0057776740314585545,-0.03558911
2016-05-13,-0.005131858,0.006501886,0.0024214759469032288,0.007938049733638763,0.00917203426361084,-0.001410854999243677,-0.026605139
2016-05-20,0.0027861353,0.0035588339,0.0007449612021446228,0.0024532005190849304,0.007073053717613221,0.005410716288146766,-0.029005012
2016-05-27,0.02251876,0.00071645976,-0.0028567507863044737,-0.0004952698945999146,0.004935784637928009,0.001372883851919332,-0.028520321
2016-06-03,0.004310959,0.0045861886,0.0029078811407089234,0.003561273217201233,0.00686710774898529,-0.0006604168414738459,-0.024195876
2016-06-10,-0.0014587219,0.009456215,0.004054547846317291,0.009607255458831787,0.014547911286354066,0.002226429396287255,-0.03109818
2016-06-17,-0.011926404,0.008181487,0.0042023897171020504,0.009851627051830292,0.011341206729412079,0.004079938000445135,-0.032956466
2016-06-24,-0.016458381,0.0041781007,0.00029906332492828373,0.005247533321380615,0.007809150218963623,0.007670563628388888,-0.029084826
2016-07-01,0.03166169,0.0052149342,0.0012466549873352052,0.0057015568017959595,0.00852632224559784,0.0031972517999133976,-0.03601898
2016-07-08,0.014680593,5.1926076e-05,-0.0036386206746101377,0.0010269209742546082,0.0028440892696380616,0.007227074214107898,-0.029845053
2016-07-15,0.014838464,0.008575579,0.005293114483356476,0.0077977254986763,0.012277796864509583,0.0048829374705947615,-0.023436574
2016-07-22,0.0061290227,0.012090601,0.007957680523395539,0.011446461081504822,0.016628216207027435,0.0061465438321779,-0.019886186
2016-07-29,-0.000657647,0.010179974,0.00733768492937088,0.010211974382400513,0.013198161125183105,0.011844181730832001,-0.016589908
2016-08-05,0.0042557544,0.013895251,0.009290125966072083,0.014957770705223083,0.017688927054405213,0.007289942559748699,-0.014580879
2016-08-12,0.0005403953,0.007702896,0.0017383113503456117,0.009562291204929352,0.012580645084381104,0.012810191080319333,0.009090154
2016-08-19,-8.2387785e-05,0.007957846,0.0027862548828125,0.009356044232845306,0.012282024323940276,0.011391968249831921,-0.014948275
2016-08-26,-0.0068138945,0.005622916,0.003465723991394043,0.005298443138599396,0.007809241116046905,0.011600625260074021,0.019672288
2016-09-02,0.005031002,0.0039807917,0.0008900046348571779,0.0034244656562805176,0.007041068375110626,0.003780965112502213,-0.012872275
2016-09-09,-0.020030143,0.008664018,0.006621593236923217,0.007328905165195465,0.01144544929265976,0.005195858979676837,0.0007011094
2016-09-16,0.005319878,0.0015660152,-0.0007099911570549011,0.0017353147268295288,0.003811973333358765,0.00511385600878457,-0.0050135357
2016-09-23,0.01186395,0.0072073922,0.0038862407207489015,0.0072644054889678955,0.010527001321315765,0.0033466426853654,-0.0035009068
2016-09-30,0.0016524865,0.0066412254,0.001952888071537018,0.004387795925140381,0.012496888637542725,0.0033980942215734444,-0.013760846
2016-10-07,-0.0067237625,0.00578514,-0.0021620675921440124,0.009869672358036041,0.01133710891008377,0.001834876693331669,-0.013034146
2016-10-14,-0.009685808,0.0023893982,-0.0019574224948883056,0.0022177696228027344,0.006507986783981323,0.007811416657587292,-0.009431678
2016-10-21,0.0038276433,0.0043285475,0.003157901763916016,0.004057556390762329,0.005860534310340882,-0.001431495596504545,-0.011697877
2016-10-28,-0.006912627,0.003218709,-0.0006653651595115661,0.0041800811886787415,0.00685143917798996,0.011071714234279079,-0.015552225
2016-11-04,-0.01957992,-0.0013936475,-0.004310883581638336,-0.0006148964166641235,0.0012756794691085819,0.006344758240240972,0.011063056
2016-11-11,0.037311114,-0.0050727664,-0.008330604434013367,-0.005591094493865967,-0.0015439212322235108,0.004284856200683848,-0.009803062
2016-11-18,0.008029747,0.0014014542,-0.0012818127870559692,0.0016166120767593384,0.0038812384009361267,0.0028482507601526458,-0.030494051
2016-11-25,0.011921586,-0.0022230104,-0.006885245442390442,-0.003268301486968994,0.0033542662858963017,0.01279098434886182,-0.012910697
2016-12-02,-0.009715713,0.0017580554,-0.0024224430322647094,0.002165272831916809,0.005878600478172302,0.009397268433788616,0.020684563
2016-12-09,0.030365303,-0.011485627,-0.014584866166114808,-0.012119174003601074,-0.007605499029159545,0.011209595896004579,-0.0012122801
2016-12-16,-0.00064634363,-0.006379585,-0.008037622272968292,-0.0074247270822525024,-0.004120209813117981,0.0046112168078070725,-0.02097766
2016-12-23,0.0025299208,0.0002443567,-0.005047796666622162,-0.0015377551317214966,0.006530104577541352,0.00873319031458919,-0.00079828745
2016-12-30,-0.009836041,-0.002241853,-0.004027044773101807,-0.002873651683330536,0.00019691288471221954,0.008384175901437863,0.0028391462
2017-01-06,0.012248717,-0.0009018242,-0.003345213830471039,-0.0025070831179618835,0.0032507285475730906,0.01328810545380682,0.0240876
2017-01-13,-0.001028244,0.0007093564,-0.0006390348076820374,0.00014775991439819336,0.002409331500530243,0.004047162861010936,0.003717983
2017-01-20,0.00038316383,0.001010698,6.9141387939453125e-06,0.0013580322265625,0.001742096245288849,0.004601505827469821,-0.006235519
2017-01-27,0.01024095,6.824285e-05,-0.0037227630615234374,-0.0015091970562934875,0.004977674782276154,0.009109584023966208,0.0036109693
2017-02-03,0.0011889876,0.0026462614,0.0006649896502494814,0.002466075122356415,0.0047424927353858955,0.004507531942566659,0.0065534846
2017-02-10,0.008098058,0.005057402,0.0029964342713356016,0.0058688148856163025,0.00665966123342514,0.003498084016874084,0.0056247674
2017-02-17,0.015024007,0.0023451075,9.373724460601815e-05,0.0033281520009040833,0.00402110368013382,-0.0014462660305673003,0.005139185
2017-02-24,0.008535363,0.0026258305,0.0007029742002487183,0.000832289457321167,0.005514176189899444,0.009205904423915098,0.0076168245
2017-03-03,0.0066436036,0.0065770894,0.002691708505153656,0.0074759796261787415,0.009490709006786346,0.0011754476283677012,0.0028189018
2017-03-10,-0.0044241613,0.007230309,0.004941025376319885,0.007905326783657074,0.009190186858177185,0.009350479353848487,0.013604374
2017-03-17,0.0023784817,0.0055874838,0.004159802198410034,0.00517735630273819,0.007382909953594208,0.0004917203246760649,0.0063233264
2017-03-24,-0.0145145925,0.0055431677,0.00449502170085907,0.005212634801864624,0.0068592637777328495,0.00625156506541491,0.008932262
2017-03-31,0.007963154,0.0060890554,0.005267389118671417,0.00584806501865387,0.007031148672103882,0.005895440380745423,0.016628688
2017-04-07,-0.003043468,0.0048760907,0.003698486089706421,0.004443004727363586,0.006313250958919525,0.006133566002119867,0.017437777
2017-04-14,-0.012179988,0.008265896,0.0054606392979621885,0.007816515862941742,0.011138355731964112,0.009059634602607392,0.014992027
2017-04-21,0.008440199,0.004239121,0.0020025894045829773,0.002751782536506653,0.007276709377765656,0.009370030780365524,0.013110296
2017-04-28,0.015005917,0.0031556548,0.0017111986875534058,0.0036812499165534973,0.004379375278949738,0.008582426444255303,0.00526783
2017-05-05,0.0063092588,0.0046483935,0.002998150885105133,0.0042229220271110535,0.006761632859706879,0.004465605859950289,0.004941901
2017-05-12,-0.0035030532,0.00402579,0.002942386269569397,0.0040726810693740845,0.005010460317134857,0.0026266713747746806,0.01217588
2017-05-19,-0.003842717,0.0036591038,-0.002352817356586456,0.0031608715653419495,0.009906163811683655,0.0057176451183831856,0.014299854
2017-05-26,0.014211696,0.009988947,0.007264302670955658,0.008289642632007599,0.01364436149597168,0.007182333920142947,0.019578237
2017-06-02,0.009888547,0.0067779734,0.0031592637300491334,0.006113998591899872,0.011378270387649537,0.0050304118158773226,0.01083634
2017-06-09,-0.002997452,0.0061542364,0.004369765520095825,0.005886569619178772,0.008111733198165893,0.011324456540942884,-0.0005461687
2017-06-16,0.00056727877,0.0048887953,0.0007601529359817505,0.0027934685349464417,0.011267727613449099,0.01142858491206969,0.006133674
2017-06-23,0.0021144212,0.0031610534,0.0023598358035087585,0.002968229353427887,0.00405510663986206,-0.002051411725269431,0.01350063
2017-06-30,-0.006125492,0.0052933306,0.002504405379295349,0.0047964900732040405,0.008197695016860962,0.01172201574981746,0.0147354305
2017-07-07,0.0022621749,0.0047227545,0.0012160152196884154,0.0055650100111961365,0.00802614539861679,0.005314218462771775,0.013034434
2017-07-14,0.013958845,0.002497691,0.0006391361355781555,0.0010802149772644043,0.005650433897972108,0.006637259917078753,0.011808731
2017-07-21,0.0053814123,0.0036380081,0.0021949172019958495,0.002967327833175659,0.005655907094478607,0.010434987689564829,0.011669719
2017-07-28,-0.00017794679,0.0042366623,0.002280908823013306,0.004475034773349762,0.006126876175403595,0.009276267450975706,0.013737858
2017-08-04,0.0019115169,0.0014546097,-5.301833152770996e-05,0.0014162063598632812,0.003176659345626831,0.007728073150523568,0.011914452
2017-08-11,-0.014440644,0.0039059222,0.002680519223213196,0.003920748829841614,0.005186259746551514,0.012270427513224158,0.016511057
2017-08-18,-0.0064805816,0.004028715,-0.0005429178476333617,0.0031764209270477295,0.008923891186714172,0.00542027468878678,0.013281646
2017-08-25,0.007188956,0.0064791352,0.0033807635307312013,0.006919056177139282,0.009534753859043121,0.008624959149886674,0.0026935854
2017-09-01,0.013619204,0.003614761,0.000656004250049591,0.002050243318080902,0.007628774642944336,0.0074620390400212955,0.01275229
2017-09-08,-0.0041434504,0.006139566,0.0021608248353004456,0.007433399558067322,0.009144838154315948,0.008829593766074728,0.013780312
2017-09-15,0.015640266,0.002664031,0.0005911350250244141,0.0021335333585739136,0.004835928976535797,0.005830850103549501,0.01480897
2017-09-22,0.0007956063,0.0020848035,0.0008464723825454712,0.002501547336578369,0.003109186887741089,0.006166294207542972,0.012281349
2017-09-29,0.0068266178,0.0021534755,0.0006428360939025879,0.0021022558212280273,0.0037977099418640137,0.007536983391265073,0.011764568
2017-10-06,0.011825667,0.003176999,0.0023659184575080872,0.002546168863773346,0.004519374668598176,0.0058819086253945885,0.022154585
2017-10-13,0.0015050835,0.0045893043,0.0024951502680778505,0.0032130256295204163,0.00754716843366623,0.00859240043253226,-0.0061905785
2017-10-20,0.008595375,0.0007941991,0.00028194338083267214,0.0007410049438476562,0.0013986408710479738,-0.0034870908740480266,-0.0041898987
2017-10-27,0.0022729991,0.0037880286,0.002899152040481567,0.0036074817180633545,0.004844261705875397,0.005941588938883885,0.0020975396
2017-11-03,0.0026195168,0.0020703673,0.0011164024472236633,0.0015613958239555359,0.0033494874835014346,0.0025993937004536727,-0.0048812707
2017-11-10,-0.0021430913,0.0050105676,0.0038324698805809023,0.004871465265750885,0.006272463500499726,-0.0012403481822474416,-0.006587836
2017-11-17,-0.0013368926,0.0021698892,0.0011299848556518555,0.002099864184856415,0.0034250289201736453,0.0046748222872193546,-0.016757272
2017-11-24,0.0064687333,0.0006706327,7.939040660858159e-05,0.0008256211876869202,0.0010992422699928283,0.00113320688915991,-0.0019064769
2017-12-01,0.015177711,0.001103422,-0.00044309496879577635,-0.00032430142164230347,0.00409417599439621,0.000904736104484577,-0.0057805567
2017-12-08,0.0035060558,0.004913588,0.003453870117664337,0.005204543471336365,0.006085695326328277,0.0013677338430359565,-0.003119962
2017-12-15,0.009126643,0.0025869906,0.0022330939769744872,0.0023183226585388184,0.0031437858939170837,0.004240457112199947,-0.0015900014
2017-12-22,0.00281016,0.0032073378,0.002167823910713196,0.0030536949634552,0.004472701251506806,0.0006308684675899179,2.9670664e-05
2017-12-29,-0.004090932,0.005136809,0.0033431082963943483,0.005124576389789581,0.00684603899717331,0.003231150038566749,-0.007952646
2018-01-05,0.020480568,0.0041128425,0.003128546476364136,0.0035295113921165466,0.00554560124874115,-0.0008461817552559425,0.00023839023
2018-01-12,0.015586154,0.005015397,0.002962659299373627,0.003397919237613678,0.00806024819612503,0.0016726942481229967,-0.0009778214
2018-01-19,0.01532517,0.00591044,0.004489780962467193,0.00556664913892746,0.007713030278682709,0.0030764251182007762,-0.011356316
2018-01-26,0.022020314,0.005538696,0.003338189423084259,0.004826068878173828,0.008140824735164642,0.002592634443700087,-0.0024471018
2018-02-02,-0.03930949,0.0073554353,0.0047401472926139835,0.006285123527050018,0.010363923013210296,0.0020219803363356326,-0.009055261
2018-02-09,-0.05299951,0.0072912574,0.0039556026458740234,0.0072685182094573975,0.010473088920116424,0.005174651492084015,-0.0034227178
2018-02-16,0.04211189,0.003272669,0.002067020535469055,0.0024463683366775513,0.005239896476268768,-0.009114626329235348,-0.0040275953
2018-02-23,0.005877574,0.002234316,0.002045521140098572,0.0022680163383483887,0.0024068713188171386,0.005967903543482256,0.00048871216
2018-03-02,-0.02061286,0.00244703,0.0009827211499214173,0.0022866278886795044,0.003978912532329559,0.0022768015602549208,0.00054058206
2018-03-09,0.034805704,0.0030796304,0.0013530567288398744,0.002638481557369232,0.005160950124263763,0.003921573543030216,-0.0027786624
2018-03-16,-0.012479916,0.0033882975,0.000985565781593323,0.004413336515426636,0.0049139589071273805,0.007519793208695946,0.008716298
2018-03-23,-0.06134572,0.0020485714,0.001555737853050232,0.0019976943731307983,0.002561783790588379,0.0034552318253434078,-0.00806037
2018-03-30,-0.0010671937,0.0010339587,0.0005136266350746155,0.0007926598191261292,0.0018108338117599487,-0.0010744313023658136,-0.0056411875
2018-04-06,-0.013879265,-0.0006738395,-0.0012642204761505126,-0.00042588263750076294,-0.00022099316120147703,0.00782884812700374,-0.00017725913
2018-04-13,0.019705007,-0.0008455798,-0.0020244970917701723,-0.0013821125030517578,0.0007920473814010623,0.005012361217281075,-0.0055177957
2018-04-20,0.00519667,-0.0017010316,-0.003135015070438385,-0.0018645450472831726,-0.00012933164834976184,0.00853986373119367,-0.004003304
2018-04-27,-8.6134205e-05,-0.0016036719,-0.00243726521730423,-0.0017906054854393005,-0.0005008488893508909,0.0024778757887138347,-0.010422889
2018-05-04,-0.0024337491,-0.0015654654,-0.0021156907081604005,-0.0015280470252037048,-0.0009954839944839478,0.005223440792081063,4.3029904e-05
2018-05-11,0.023855103,-0.00077465625,-0.0028660818934440613,-0.0005078688263893127,0.0012362405657768251,0.007571303378215877,0.0064834985
2018-05-18,-0.0054221195,-0.0016854167,-0.002382786571979523,-0.001801423728466034,-0.0009807765483856202,0.0013426988632975756,-0.004448337
2018-05-25,0.0030767953,-0.001344271,-0.0018733367323875427,-0.0017025619745254517,-0.0004921510815620421,0.006224633760657683,-0.00592931
2018-06-01,0.0025117663,0.0011623815,-0.001053038239479065,-0.0006678253412246704,0.004462280869483948,0.005558913772452129,0.0014028801
2018-06-08,0.016109427,-0.0017474412,-0.002761201560497284,-0.0022069960832595825,-0.0005133077502250671,0.0025555855727523447,0.0013866061
2018-06-15,0.00022662996,0.0021656856,-0.001422928273677826,0.002606786787509918,0.005405403673648834,0.0015605871427115114,-0.0054900763
2018-06-22,-0.008954745,0.0011774376,-0.002180355787277222,-0.0014850646257400513,0.006798419356346131,0.0028205537019351246,0.0034913174
2018-06-29,-0.013341363,0.00042171628,-0.0010494858026504517,-0.0001584067940711975,0.002210471034049988,0.006018525371988409,0.00030857875
2018-07-06,0.015891122,-0.0015142277,-0.0028156861662864685,-0.0020521506667137146,0.0002599105238914491,0.0003412437603756424,-0.005147834
2018-07-13,0.014921701,-0.0014579386,-0.0034576892852783204,-0.0021645203232765198,0.0009902432560920718,0.010311709344957926,-0.0020938525
2018-07-20,0.00018561717,-0.00046700388,-0.0013456419110298157,-0.0008434057235717773,0.0008317902684211733,-0.0004349483660044118,0.0018322761
2018-07-27,0.006045579,0.0007565424,-0.0005131408572196961,0.0007997453212738037,0.002141304314136505,0.0035592145155259047,-0.0061589526
2018-08-03,0.0076089366,0.00042668133,-0.0009564831852912903,-0.00027370452880859375,0.0021049797534942625,0.005846983554281093,-0.0029941676
2018-08-10,-0.002492257,0.0013098537,0.00041718631982803347,0.001453883945941925,0.002102401852607727,0.008684757754332806,0.0027344818
2018-08-17,0.0059295045,0.0016388356,0.0003570869565010071,0.0012686476111412048,0.0033393815159797674,0.004570519638191883,-0.00948457
2018-08-24,0.008580256,0.0009907216,0.0003103062510490418,0.0006002485752105713,0.0018802091479301452,0.004802759561982423,-0.006891359
2018-08-31,0.009289922,0.00011188686,-0.0002907872200012207,0.00019106268882751465,0.0004462048411369324,0.005104777830849089,-0.000765145
2018-09-07,-0.010203076,0.0010694296,-0.00029414892196655273,0.0013484954833984375,0.0023151054978370667,0.003699306640559924,-0.01409584
2018-09-14,0.0115292985,0.00073720515,-0.0001959487795829773,-0.0001014024019241333,0.0024001702666282656,0.008553232491354312,-0.0001479922
2018-09-21,0.0084632635,0.0017232776,0.00015170276165008548,0.0015308782458305359,0.003441046178340912,0.006429451413897058,-0.009441625
2018-09-28,-0.0053699245,0.0018686712,0.0009253010153770447,0.0015121474862098694,0.00301198810338974,-0.0004583610603356436,-0.006231991
2018-10-05,-0.00979736,0.00069407374,0.0002456113696098328,0.0007243826985359192,0.0011248484253883362,0.007108446519240447,0.00147706
2018-10-12,-0.041911837,0.0012011022,0.0004136994481086731,0.0015782490372657776,0.0017628565430641175,0.004735731369795437,-0.0053274212
2018-10-19,0.00023492577,0.00055993797,-0.0006326764822006225,0.00037792325019836426,0.0018848821520805361,0.002982609411520676,0.0016146636
2018-10-26,-0.04021207,-0.00025203527,-0.001975741982460022,0.0004561692476272583,0.0010822564363479614,0.005213891407901072,-0.001429054
2018-11-02,0.023922771,-0.0011884451,-0.0024419248104095457,-0.0017344504594802856,0.00032678693532943735,0.006643927592362264,-0.0027226584
2018-11-09,0.021057906,-0.00196819,-0.003164289891719818,-0.0016335919499397278,-0.0009193003177642822,0.008136685015101619,0.0024342185
2018-11-16,-0.016218489,-0.000610432,-0.0013080894947052001,-0.0011312589049339294,0.0005567297339439394,0.0007585746163367713,-0.00817459
2018-11-23,-0.03641807,0.00037832558,-2.6878714561462398e-05,0.00010526180267333984,0.001027694344520569,0.004040468732711022,-0.0050853477
2018-11-30,0.047335465,9.21607e-05,-0.0015888109803199769,-0.0001416429877281189,0.002065519988536835,0.004981509761570718,-0.003930911
2018-12-07,-0.039000403,-0.0005572423,-0.0020161896944046022,-0.0002101808786392212,0.0006881505250930786,0.004208430351887282,-0.014509869
2018-12-14,-0.012662098,0.0023312555,-0.0025610163807868957,0.004200771450996399,0.006351695954799653,0.004360643367197631,-0.011181196
2018-12-21,-0.07312228,-0.0005272761,-0.0033505305647850035,0.00013433396816253662,0.0020016327500343325,-0.005691254369314724,-0.0021437174
2018-12-28,0.0073973592,-0.0032279328,-0.00589958131313324,-0.0038048624992370605,-0.0001659408211708068,0.00279978446174306,-0.011359598
2019-01-04,0.017173031,-0.0041148365,-0.00568200945854187,-0.005351893603801727,-0.0016395524144172666,-0.011820870307715947,-0.018147105
2019-01-11,0.025086168,-0.004951617,-0.005460768938064575,-0.005046874284744263,-0.004287247359752655,-0.002750322965380664,-0.010245568
2019-01-18,0.028272389,-0.0014238193,-0.003275749087333679,-0.0021783560514450073,0.0012886568903923042,-0.0013004608755831648,-0.026370425
2019-01-25,0.010866574,-0.0023643137,-0.004082377254962921,-0.002792641520500183,-0.00034966021776199323,0.007957944567843045,0.017127149
2019-02-01,0.015553381,0.001388143,-0.001395687460899353,0.0003416687250137329,0.004652690887451172,0.006573292974146494,0.02455336
2019-02-08,0.0004986152,-0.00068627746,-0.0013132408261299134,-0.0008483156561851501,8.461326360702524e-05,-0.005540269451338509,-0.019547502
2019-02-15,0.024700977,-0.002897954,-0.004387107491493225,-0.0029064714908599854,-0.0014108777046203612,0.006511005087890154,-0.0064085
2019-02-22,0.016951129,0.0013671115,-0.0006984487175941467,0.0019209980964660645,0.003055781126022339,0.004566543480949342,0.01852338
2019-03-01,0.003938286,0.0032071383,0.0022619813680648804,0.0033783018589019775,0.0041382163763046265,0.0009198719968716018,-0.01348804
2019-03-08,-0.021858629,0.0025423854,0.0006394609808921814,0.0029889270663261414,0.004159189760684967,0.007590831520942726,0.00775806
2019-03-15,0.028538167,0.0032446191,0.0022017136216163635,0.003667116165161133,0.004015934467315674,0.006728113425623655,0.013348808
2019-03-22,-0.007742982,0.0045305165,0.0031914472579956054,0.004775717854499817,0.005608898401260376,0.0007410046654783287,-0.0035104677
2019-03-29,0.011957298,0.0064912364,0.004751838743686676,0.007229246199131012,0.007884372770786286,0.0023908268153871037,0.0009054136
2019-04-05,0.020373907,0.011901741,0.006795607507228851,0.01044134795665741,0.018692520260810853,-0.00025017773203189764,-0.0056669386
2019-04-12,0.005058474,0.012654985,0.010082527995109558,0.01127372682094574,0.01680915355682373,-0.0032392554495574988,-0.013448764
2019-04-19,0.0057686856,0.0065815942,0.004310382902622223,0.007264263927936554,0.008606563508510589,0.0024841197375856106,-0.0071857236
2019-04-26,0.011924997,0.008373032,0.004520928859710694,0.009778216481208801,0.01179371029138565,-0.0018876417769722598,0.0016235587
2019-05-03,0.0019573502,0.0064075277,0.0033515915274620056,0.006197623908519745,0.009756790101528167,-0.002822116124065105,-0.0070645874
2019-05-10,-0.022049822,0.009079201,0.002880212664604187,0.00489325076341629,0.01847539246082306,0.0005419107563690573,-0.004050677
2019-05-17,-0.0076189674,0.009299332,0.00414029061794281,0.008054032921791077,0.014997045695781707,-9.089648600735245e-05,-0.010951915
2019-05-24,-0.011773749,0.0044683414,0.0013305693864822388,0.004376992583274841,0.00773298591375351,0.0008510748462676188,-0.002783989
2019-05-31,-0.025181148,0.00985148,0.006958885490894318,0.010039538145065308,0.012814760208129883,0.0032130961937915092,-0.00031072038
2019-06-07,0.043125402,0.009092527,0.007526831328868866,0.008716665208339691,0.010904976725578308,-0.0031745650518902047,-6.064353e-05
2019-06-14,0.0047358195,0.009552861,0.007881736755371094,0.009535543620586395,0.011255666613578796,0.004616387216449441,-0.002177263
2019-06-21,0.021750111,0.015710555,0.011046563088893891,0.016019314527511597,0.020106050372123718,0.0020608973827431765,0.005277008
2019-06-28,-0.002953032,0.011628309,0.010147805511951446,0.012096859514713287,0.01287720501422882,-0.0034458810073485224,-0.0029059693
2019-07-05,0.02214337,0.009605125,0.005302353203296662,0.011576958000659943,0.013011029362678528,0.0001395296137563784,-0.00791101
2019-07-12,0.0077813207,0.0112662595,0.00802205353975296,0.011142618954181671,0.014482855796813965,-0.0013477677199758564,-0.0011109647
2019-07-19,-0.012406688,0.013993433,0.010628339648246766,0.013623945415019989,0.017961001396179198,0.0006295168929031092,-0.0040918435
2019-07-26,0.016410278,0.0123368185,0.010418739914894105,0.012397482991218567,0.014314202964305878,0.004069871803065533,-0.009728586
2019-08-02,-0.03149353,0.010337879,0.0064964726567268375,0.00855458527803421,0.015080992877483369,-0.00241194021409738,-0.00044060804
2019-08-09,-0.004580707,0.016030766,0.01276039183139801,0.015041425824165344,0.0202793225646019,0.0019672906152358727,-0.0048555206
2019-08-16,-0.01032152,0.010633005,0.008146125078201293,0.00856626033782959,0.014238089323043823,-0.0008219679376595679,-0.012762982
2019-08-23,-0.014495145,0.011679783,0.006621202826499939,0.014547765254974365,0.015109261870384217,0.00028644242519312857,-0.015271546
2019-08-30,0.027489007,0.017638791,0.014130415022373199,0.017573200166225433,0.020954151451587678,0.0020871604780620667,0.0016098293
2019-09-06,0.018339401,0.018261874,0.0133180171251297,0.017663851380348206,0.023561108112335204,-0.002109736317927019,-0.005575682
2019-09-13,0.009582249,0.013792634,0.01099165678024292,0.014158353209495544,0.016440588235855102,-8.909897188055793e-05,-0.0045323563
2019-09-20,-0.0051070787,0.0079322085,0.004661539196968078,0.008159443736076355,0.010679398477077485,-0.001729485635009853,-0.005542995
2019-09-27,-0.01017165,0.01002899,0.00716734379529953,0.010115325450897217,0.012602879106998444,0.007688936577746663,0.0016381344
2019-10-04,-0.003307531,0.0032681287,0.0009170502424240112,0.0037755370140075684,0.0055878967046737674,-0.003550524884835815,0.0033976235
2019-10-11,0.0061665666,0.007216309,0.004844082891941071,0.0072729215025901794,0.009938280284404756,0.009629567906971503,-0.014380263
2019-10-18,0.0053487956,0.00616013,0.004070493578910828,0.006521329283714294,0.008100852370262146,-0.018660232413474587,0.007780174
2019-10-25,0.012099203,0.011412623,0.007848122715950012,0.012331940233707428,0.01418016254901886,0.004796142533570524,-0.006149027
2019-11-01,0.0145696495,0.010067271,0.007458986341953277,0.010151825845241547,0.012376271188259125,-0.005214986034963787,-0.03327522
2019-11-08,0.008496872,0.0084122745,0.0033777743577957154,0.00650101900100708,0.014843818545341492,0.011040973732323212,-0.009201662
2019-11-15,0.008813031,0.008807229,0.006385673582553863,0.007517427206039429,0.012251588702201844,0.0004992088354129343,0.005749729
2019-11-22,-0.0032644323,0.008046249,0.004388175904750824,0.00933324545621872,0.01041746586561203,0.010705342357398534,0.009063644
2019-11-29,0.011991438,0.0110126855,0.005349615216255188,0.009907551109790802,0.017787323892116548,-0.004063122902412675,-0.011795521
2019-12-06,0.0015683216,0.012357021,0.010836122930049897,0.01237611472606659,0.014042645692825317,0.011863464655048034,-0.019271163
2019-12-13,0.007249814,0.0074391947,0.004699748754501343,0.008660867810249329,0.009464505314826965,0.008633658709138736,-0.019772988
2019-12-20,0.016407179,0.01031593,0.00726688802242279,0.010729968547821045,0.013319389522075653,-0.0003063539143494942,-0.042537503
2019-12-27,0.010751944,0.0076662824,0.005587874352931977,0.007897920906543732,0.009708881378173828,0.0055213706040855015,-0.041460108
2020-01-03,-0.0015629353,0.009252067,0.00672404021024704,0.010126732289791107,0.01093604862689972,-0.002469475116268799,-0.03881036
2020-01-10,0.009384396,0.006401847,0.005361722409725189,0.005826711654663086,0.007735490798950195,0.003717182965483845,-0.034138735
2020-01-17,0.019491235,0.0061521665,0.00583089143037796,0.0062811896204948425,0.006361053884029388,0.0034604025731529153,-0.04028264
2020-01-24,-0.006454706,0.006521657,0.003343452513217926,0.005915969610214233,0.010020974278450013,0.0037928611115516098,-0.044295527
2020-01-31,-0.021454606,0.0043464066,0.0025555893778800966,0.004074938595294952,0.006314010918140411,0.0004964178291748111,-0.026717603
2020-02-07,0.031190185,0.0051929876,0.0036312729120254517,0.005083240568637848,0.006819227337837219,0.0009273028801598804,-0.018614104
2020-02-14,0.015638651,0.008638697,0.007387568056583404,0.008124396204948425,0.010292689502239227,0.0019173795277365457,-0.03867154
2020-02-21,-0.010784256,0.011406002,0.009273035824298859,0.011015526950359344,0.013652777671813965,0.007166299801339232,-0.036574893
2020-02-28,-0.12206228,0.009794216,0.007829637825489044,0.009455084800720215,0.011985933780670166,-0.0005102594602383048,-0.02337517
2020-03-06,0.0061250073,0.005764964,0.004643283784389496,0.005714155733585358,0.0069719523191452025,0.004888297006872017,-0.03746163
2020-03-13,-0.0920347,0.006657301,0.004410599172115326,0.007244706153869629,0.008396078646183015,-0.0007459974914916789,-0.030721016
2020-03-20,-0.16227902,0.0042608203,0.002207140624523163,0.004709251224994659,0.006049813330173492,0.0027816258958191786,-0.026633218
2020-03-27,0.09769671,0.0015019029,-2.0414590835566952e-07,0.0013362914323806763,0.002897961437702179,0.003065305981016009,-0.02113152
2020-04-03,-0.021002287,0.0028948442,0.0025871679186820983,0.002967424690723419,0.0031582877039909364,0.002268920737587693,-0.016425058
2020-04-10,0.098983884,0.0068438845,0.006055323779582978,0.006784498691558838,0.007762579619884491,0.0014192597633689574,-0.0051993513
2020-04-17,0.029922538,0.007476039,0.005698809027671814,0.008019775152206421,0.008719885349273681,0.004700167670665473,-0.022234704
2020-04-24,-0.013244137,0.010459019,0.007939834892749787,0.009747885167598724,0.013226641714572907,0.0035569626767247287,-0.021502985
2020-05-01,-0.0021279524,0.012455759,0.007444757223129273,0.01429448276758194,0.016723409295082092,0.007860710570784246,0.0061923307
2020-05-08,0.03440663,0.010836139,0.009517614543437958,0.01082223653793335,0.01219651997089386,0.0015768853048832021,-0.041313518
2020-05-15,-0.0228197,0.008496669,0.007228542864322662,0.008287772536277771,0.010023920238018036,0.0029921611249295876,-0.026432758
2020-05-22,0.03153643,0.0070733307,0.006157496571540832,0.006967633962631226,0.008086688816547394,0.002781949460024191,-0.027324859
2020-05-29,0.031974334,0.008521549,0.004806932806968689,0.00808136910200119,0.012412090599536896,0.0003260170504802429,-0.037365086
2020-06-05,0.04797782,0.008095682,0.007540777325630188,0.008023872971534729,0.008690345287322997,0.002662028265343147,-0.030117165
2020-06-12,-0.048963748,0.006312539,0.004771868884563446,0.005954049527645111,0.008017328381538392,0.004812054529314491,-0.027406124
2020-06-19,0.018384447,0.004516834,0.002299024164676666,0.004057683050632477,0.0071653202176094055,0.0018471342645345612,-0.0076411655
2020-06-26,-0.02904838,0.004363656,0.0019493669271469117,0.004519768059253693,0.006517285108566284,0.0035650972461811203,-0.005602012
2020-07-03,0.014886567,0.0048909066,0.0030583232641220094,0.0041996389627456665,0.007447369396686554,0.00444527628210073,0.0015580276
2020-07-10,0.017428657,0.0050139995,0.002567237615585327,0.003354281187057495,0.008794111013412476,0.008710452678738295,0.0023476253
2020-07-17,0.01238436,0.0043431013,0.003436934947967529,0.004101023077964783,0.005372592806816101,0.016181412177669524,0.0063464367
2020-07-24,-0.0028259612,0.0058453246,0.005305756628513336,0.005467183887958527,0.006766130030155182,0.00558101856298393,0.014319866
2020-07-31,0.017109212,0.0055653676,0.004197068512439728,0.005283832550048828,0.007265233993530274,0.009659983394763899,-0.016865717
2020-08-07,0.024209902,0.0041792467,0.0030444055795669557,0.004265718162059784,0.005195063352584839,0.008109101081980291,-0.025821669
2020-08-14,0.006415742,0.00023498983,-0.0013420432806015015,-0.00018543004989624023,0.002212588489055634,0.005742310143101892,-0.021360379
2020-08-21,0.0071816496,-0.00078568014,-0.0021424517035484314,-0.0011809393763542175,0.0006769403815269471,0.0031385166170000423,-0.0145175755
2020-08-28,0.032109164,0.0010800168,-4.33504581451416e-05,0.0009950771927833557,0.0022773876786231994,0.00632698548866667,-0.012681235
2020-09-04,-0.023375368,0.00036590695,-0.000492328405380249,0.0004785507917404175,0.0010130882263183593,-0.0025654446787028717,-0.0065573193
2020-09-11,-0.033578664,-0.00017299355,-0.0004958018660545349,-0.00044526904821395874,0.0003953009843826295,0.005252177931170249,-0.011965533
2020-09-18,-0.0064560524,0.0007247597,-0.0007204562425613403,0.000609666109085083,0.0021461546421051025,0.005865315490419992,-0.013040271
2020-09-25,-0.0063494416,-0.0004011765,-0.0014735504984855652,-0.0005328282713890076,0.0007524892687797547,0.005128478471233877,-0.023906082
2020-10-02,0.015032888,-0.0018285096,-0.004180096089839935,-0.0032917633652687073,0.0017946869134902958,0.003225218078223263,-0.022104973
2020-10-09,0.037721515,-0.0021978617,-0.004178942739963531,-0.0033520683646202087,0.0007512703537940982,0.0037078931816837135,-0.02104514
2020-10-16,0.0019164534,-0.0007527143,-0.004274103045463562,-0.00163259357213974,0.0032987296581268315,0.0022777307196088503,-0.01903023
2020-10-23,-0.00530139,0.00077514944,0.0001251593232154846,0.0005222782492637634,0.0016096666455268861,0.004675141187241438,-0.012884405
2020-10-30,-0.05804741,0.001372698,-0.0003606453537940979,0.0015732571482658386,0.0030275702476501467,0.0030247687738466644,-0.02228083
2020-11-06,0.070678726,0.0031120242,-0.0008776023983955382,0.0030501633882522583,0.007541152834892274,0.005669083438931355,-0.013782016
2020-11-13,0.021343824,0.0011065975,-4.818588495254512e-05,0.0009745284914970398,0.0022984012961387635,0.006158129596428585,-0.023445582
2020-11-20,-0.0077309813,-0.00068378,-0.002774947881698608,5.967170000076294e-05,0.000775088369846344,0.002786705272959822,-0.022509871
2020-11-27,0.015645266,0.0009254247,-0.00045773684978485103,0.0015587806701660156,0.001926887035369873,0.0035877724908324193,-0.021720115
2020-12-04,0.016564677,-0.0019309655,-0.002977210283279419,-0.0016423538327217102,-0.0011162132024765015,0.0026587739204984584,-0.01564442
2020-12-11,-0.009686939,0.0033588738,0.0007526665925979614,0.001968078315258026,0.006905904412269593,0.0019343983020262412,-0.018791907
2020-12-18,0.012464765,7.0272385e-05,-0.001592440903186798,-0.0001266077160835266,0.0017713770270347596,0.004568429596344237,-0.018755509
2020-12-25,-0.005230587,-0.0020889952,-0.002945399284362793,-0.0020788609981536865,-0.0012666478753089905,0.005235781084901858,-0.019921696
2021-01-01,0.017744046,-0.0017478227,-0.002589486539363861,-0.0023701339960098267,-0.0002507627010345456,0.005446885188698236,-0.0065389215
2021-01-08,0.01810157,0.0016346142,-0.0006217196583747864,0.00285310298204422,0.003320257365703583,0.0020048770600522015,-0.013902414
2021-01-15,-0.014864083,-0.0033954158,-0.005935090780258179,-0.004104055464267731,-0.00014494806528091392,0.011191349697870612,-0.024572732
2021-01-22,0.012028394,-0.0003768295,-0.004220125079154968,-0.002414613962173462,0.004846036434173584,0.004611973873391739,-0.0069924863
2021-01-29,-0.03368102,-0.0040436923,-0.0072480648756027225,-0.00460999459028244,-3.6165118217461323e-06,0.01126113605457768,0.018530866
2021-02-05,0.045419857,-0.010954482,-0.013591857254505157,-0.011941574513912201,-0.007790596783161163,0.0023095956473001,-0.023763837
2021-02-12,0.012273763,-0.012389615,-0.013791388273239136,-0.012878760695457458,-0.01079215556383133,0.020908316012649142,0.04890901
2021-02-19,-0.0024721504,-0.008191464,-0.011960239708423614,-0.006722286343574524,-0.005318573117256165,0.03418628677735458,0.043413166
2021-02-26,-0.024764622,-0.0063977987,-0.00949295461177826,-0.006690964102745056,-0.0028090268373489376,-0.007354219674928941,-0.019120518
2021-03-05,0.008046477,-0.010071608,-0.012719091773033143,-0.01114886999130249,-0.006894317269325256,0.030622612290054307,0.00658795
2021-03-12,0.02605067,-0.009074612,-0.012251923978328704,-0.008437640964984894,-0.006553144752979278,0.017209129215244923,-0.028882222
2021-03-19,-0.0076981788,-0.010173902,-0.012200327217578888,-0.009555824100971222,-0.008738967776298522,0.014570056196944958,0.029683912
2021-03-26,0.015579104,-0.0102604125,-0.011526142060756684,-0.0107484832406044,-0.008743476867675782,0.002310431193645046,-0.004438033
2021-04-02,0.027834984,-0.0073368894,-0.01055823266506195,-0.00736071914434433,-0.004064732789993286,0.010812823727974263,0.05958952
2021-04-09,0.026737168,-0.003274244,-0.005725918710231781,-0.004450514912605286,0.00032703131437301696,0.0024527852289929486,-0.016563673
2021-04-16,0.013632295,-0.0011233122,-0.005283132195472717,-0.003512650728225708,0.004414446651935577,0.017989873629312092,-0.00500457
2021-04-23,-0.001267158,-0.00012636036,-0.0049129873514175415,-0.0017133355140686035,0.005737826228141785,0.011613775694651385,-0.026341086
2021-04-30,0.00023919612,-0.0013692409,-0.004698558151721955,-1.4923512935638428e-05,0.001035664975643158,0.014211783153773805,-0.019584078
2021-05-07,0.012225391,0.00034959166,-0.0020578891038894654,0.0007992833852767944,0.0026031419634819034,-0.00013983950223289687,-0.028085653
2021-05-14,-0.01397759,0.0022645637,-0.0008974656462669372,0.0032936856150627136,0.004585294425487519,0.01815495019277452,-0.0062989388
2021-05-21,-0.004319541,0.00047848225,-0.0009626075625419617,0.0008656531572341919,0.0015822425484657288,0.0035500040659011134,-0.033612434
2021-05-28,0.011543232,0.0013110309,0.0002804562449455262,0.0013057887554168701,0.0021988585591316222,0.02006731523639743,-0.0002801064
2021-06-04,0.006882021,0.0022253648,0.0002571329474449158,0.0017345622181892395,0.004680800437927246,0.00723992792570638,-0.018824007
2021-06-11,0.0041404143,0.0023553683,0.0008228391408920289,0.0025023221969604492,0.0037051424384117126,-0.001415918930495641,-0.023416724
2021-06-18,-0.019252034,0.003135498,0.0021177083253860474,0.0033442527055740356,0.004071530699729919,0.06000568572145737,-0.016204217
2021-06-25,0.027052192,0.00274245,0.0007248565554618836,0.003344900906085968,0.004370476305484772,0.004799581959026078,-0.010144308
2021-07-02,0.016597003,0.004161595,0.003777998685836792,0.003906682133674622,0.004794608056545258,0.009100108714748312,-0.02104419
2021-07-09,0.011418484,0.004073025,0.003517334163188934,0.003983341157436371,0.004714091122150421,0.010006579898454576,-0.020076357
2021-07-16,-0.00974851,0.0063304678,0.0044070973992347716,0.006532713770866394,0.008144930005073547,0.01286083439531846,-0.027332366
2021-07-23,0.019369038,0.004844062,0.0028633907437324523,0.005408160388469696,0.006646256148815155,-0.0062544823514597,-0.015798064
2021-07-30,-0.0037538775,0.0045487704,0.0033643782138824464,0.004697374999523163,0.005805325508117676,0.026685385493291358,0.0015352541
2021-08-06,0.009343656,0.002944596,0.0020548567175865174,0.002561420202255249,0.004021970927715302,0.007312598368936857,0.007128133
2021-08-13,0.0070705917,0.005978112,0.005211156606674194,0.005966909229755402,0.006830750405788422,-0.015913112461076517,0.020789549
2021-08-20,-0.005910467,0.004743616,0.0032966673374176026,0.004996508359909058,0.006029400229454041,-0.019188998210416974,0.005546558
2021-08-27,0.015127066,0.00477103,0.0035725429654121397,0.0053079500794410706,0.0055673554539680484,0.006961066949448869,0.022542046
2021-09-03,0.0057624555,0.0064741326,0.005539414286613464,0.006800740957260132,0.00720672458410263,0.022765252427202537,0.0138596175
2021-09-10,-0.017424677,0.0073657604,0.006615597009658814,0.0073140934109687805,0.008130800724029542,0.024413800732543983,-0.0058955653
2021-09-17,-0.0057559945,0.003855735,0.0031875386834144593,0.004007697105407715,0.004391700029373169,0.02563709765768668,0.010831389
2021-09-24,0.005060442,0.0044215648,0.003536170721054077,0.004556536674499512,0.00520380288362503,0.014075734072189372,0.013836549
2021-10-01,-0.022341859,0.0033858598,0.001824137568473816,0.0034470707178115845,0.004797247052192688,0.018102009572231542,0.02041986
2021-10-08,0.007841447,0.004884824,0.004560418426990509,0.005030244588851929,0.0051308244466781614,0.007603560797713876,-0.016339855
2021-10-15,0.018060492,0.00352671,0.0023636043071746824,0.003678463399410248,0.004596914350986481,0.025457675199716062,-0.0033686995
2021-10-22,0.016310828,0.0032662943,0.002467025816440582,0.003382667899131775,0.004092121124267578,0.018803517074854087,0.018209474
2021-10-29,0.013219456,0.004524207,0.0035471275448799135,0.004478082060813904,0.0054440170526504515,0.00797843571562315,0.008653028
2021-11-05,0.019811634,0.005723217,0.004806432127952576,0.005645565688610077,0.006555826961994171,0.01503787989189509,0.008061912
2021-11-12,-0.0031298732,0.006736225,0.004295919835567474,0.007968537509441376,0.008570800721645355,0.013444464136537548,0.01570639
2021-11-19,0.0032214439,0.0046686037,0.0038028180599212645,0.004378564655780792,0.005632020533084869,0.014195675686480003,0.015294002
2021-11-26,-0.023641929,0.006976777,0.005337682366371155,0.006991401314735413,0.008800017833709716,0.01161729124295735,0.012916264
2021-12-03,-0.012304903,0.0053782016,0.0034735798835754395,0.004245534539222717,0.007855480909347535,0.01577540710457051,0.010268634
2021-12-10,0.03753552,0.006717795,0.005400201678276062,0.005709946155548096,0.008967198431491852,0.016960478867231094,0.0061400044
2021-12-17,-0.019583441,0.0059324442,0.00536191463470459,0.0059546008706092834,0.006445761024951935,0.01172482781540965,0.020182544
2021-12-24,0.012160533,0.005840875,0.005196200311183929,0.005639903247356415,0.0065770223736763,0.008366951358244556,0.011290012
2021-12-31,0.008510431,0.0043985443,0.003933535516262054,0.004353851079940796,0.0049711823463439945,0.013394444463635913,0.017464058
2022-01-07,-0.018881936,0.005502692,0.004695132374763489,0.005526110529899597,0.0063154339790344235,0.010814307733740064,-0.0066598584
2022-01-14,-0.003036377,0.0037348866,0.0032963186502456667,0.0036297962069511414,0.004322637617588043,0.013840191057915424,0.0048678876
2022-01-21,-0.05767099,0.0039222674,0.003507806360721588,0.0036685988306999207,0.004507927596569062,0.002736562229215811,0.022124259
2022-01-28,0.00768089,0.004287815,0.00347805917263031,0.003879055380821228,0.005475033819675445,0.01738334658452545,0.018968415
2022-02-04,0.015377994,0.0031787113,0.0028560563921928407,0.0030350536108016968,0.0035991132259368896,0.0012888725993908112,0.003674519
2022-02-11,-0.018363133,0.0022600486,0.0020707368850708006,0.0022256895899772644,0.0024888306856155396,0.012206202864695759,0.0033218684
2022-02-18,-0.01591592,0.0027034716,0.001543828845024109,0.002548813819885254,0.0039015799760818482,0.010740843965310554,0.011496714
2022-02-25,0.0010017529,0.0019221961,0.001084744930267334,0.0012419596314430237,0.0033876642584800723,-0.0035380580949768148,0.0075921603
2022-03-04,-0.012803217,0.0013009161,0.00037128180265426635,0.001244872808456421,0.002332933247089386,0.005751266128095817,0.009329535
2022-03-11,-0.029196361,-0.00013543219,-0.0008032560348510742,-5.7213008403778076e-05,0.00047463178634643555,0.007350665852148497,0.0025618821
2022-03-18,0.059737895,6.996244e-05,-0.0010849475860595704,-0.00017417222261428833,0.0012537509202957154,0.008844433097288357,0.0023430474
2022-03-25,0.017752707,0.00073426514,0.0001992061734199524,0.0008040294051170349,0.0011724278330802918,0.0006023754933032477,0.010391683
2022-04-01,0.0006160919,0.002189687,0.0016055449843406678,0.002223275601863861,0.0027492433786392213,0.008837122605664438,0.015937835
2022-04-08,-0.012747391,0.0011113912,-0.0004541888833045959,0.0008210465312004089,0.002755437791347504,0.003034114131150678,0.008788842
2022-04-15,-0.024205059,0.0013465792,0.0009498462080955505,0.0010188743472099304,0.0019790932536125185,0.010634236753307325,0.012157016
2022-04-22,-0.027888443,-0.0005813137,-0.0010890185832977295,-0.0007577091455459595,5.045086145401005e-05,-0.009156788216279577,0.014599917
2022-04-29,-0.0332859,-0.00017931759,-0.0008943676948547363,0.00010523200035095215,0.00025635212659835815,0.012236401887979698,0.0082980925
2022-05-06,-0.002081176,-0.00015703737,-0.00047059357166290283,-0.0001179426908493042,9.682327508926393e-05,-0.023027366941138883,0.0061635543
2022-05-13,-0.024414407,-0.0030331672,-0.003863903880119324,-0.003086954355239868,-0.00213187038898468,0.009954758670221109,0.011496588
2022-05-20,-0.030923832,-0.0045560226,-0.005068822205066681,-0.004430748522281647,-0.00408172607421875,0.0060817272370099484,0.02224988
2022-05-27,0.063766725,-0.005318238,-0.006814123690128326,-0.005994588136672974,-0.0034344270825386047,0.0018945844354119057,0.011651963
2022-06-03,0.012416909,-0.005382669,-0.00623740404844284,-0.0055754706263542175,-0.004414594173431397,0.000887632080626588,-0.0017922007
2022-06-10,-0.051870674,-0.0056701438,-0.0063570007681846615,-0.005637131631374359,-0.00504356324672699,0.008926869158107753,0.01462095
2022-06-17,-0.05968745,-0.006402731,-0.007401265203952789,-0.007042869925498962,-0.005106434226036072,0.002882935273383902,0.015815297
2022-06-24,0.064671114,-0.0093858,-0.010108861327171325,-0.009781986474990845,-0.008321410417556763,0.004121753863206068,0.013857877
2022-07-01,-0.022337526,-0.006932555,-0.007324279844760894,-0.007119417190551758,-0.006425704061985016,0.004269805667253157,0.009765248
2022-07-08,0.029671289,-0.0067312405,-0.007564473152160645,-0.006647564470767975,-0.005950345098972321,0.004615248861640886,0.015139127
2022-07-15,-0.009332057,-0.0047222255,-0.0060094580054283146,-0.005220957100391388,-0.0030189618468284603,0.005860710130581925,0.0097135
2022-07-22,0.025170049,-0.0072185947,-0.007800459861755371,-0.007183670997619629,-0.006625111401081085,0.008047165164327408,0.01809464
2022-07-29,0.041692104,-0.006211786,-0.006427907943725586,-0.006247855722904205,-0.005952474474906921,0.008814927847309473,0.01146883
2022-08-05,0.00360098,-0.004245897,-0.0043380498886108395,-0.0042076557874679565,-0.004191678762435913,0.0009155928062424823,0.013242365
2022-08-12,0.032039423,-0.002451025,-0.0034243836998939514,-0.002170942723751068,-0.0015570297837257385,0.011751835183951287,0.02174876
2022-08-19,-0.012145448,-0.0019212723,-0.0028241828083992006,-0.002201952040195465,-0.0007215559482574461,0.0029550833155462253,0.018879447
2022-08-26,-0.041236155,-0.00201108,-0.002257587015628815,-0.0020478740334510803,-0.001714913547039032,0.007733554520212682,0.014842812
2022-09-02,-0.03342863,-0.0034941405,-0.00435805469751358,-0.003233298659324646,-0.002751593291759491,0.005965506570371981,0.018875942
2022-09-09,0.025021814,-0.0025171489,-0.0034987404942512512,-0.0033047422766685486,-0.001072859764099121,0.0053126892597282205,0.0075425096
2022-09-16,-0.048879545,-0.0023009987,-0.0027883797883987427,-0.0026409104466438293,-0.0015769764780998229,0.0018294341683072757,0.004767277
2022-09-23,-0.047613215,-0.004630844,-0.004899360239505768,-0.004549391567707062,-0.004400853812694549,0.009139452424935135,0.013065158
2022-09-30,-0.029569974,-0.00596849,-0.006216968595981598,-0.005963809788227081,-0.005725036561489105,-0.005218676004671852,0.010795927
2022-10-07,0.014958812,-0.0053702057,-0.005621972680091858,-0.005301378667354584,-0.005170933902263641,0.0051250671389784785,0.00952167
2022-10-14,-0.015670253,-0.0056564882,-0.006487257778644562,-0.006287731230258942,-0.004282236099243164,0.00430901990014626,0.014147974
2022-10-21,0.04626891,-0.006426625,-0.007489413022994995,-0.006554253399372101,-0.005145423114299774,-0.0038983235403720062,0.019597497
2022-10-28,0.03875942,-0.0044105067,-0.004825033247470856,-0.004491843283176422,-0.003875979781150818,0.006502478223618324,0.021326818
2022-11-04,-0.034027435,-0.0035276487,-0.0039756447076797485,-0.0034093037247657776,-0.003216838836669922,0.003148758455737033,0.021025935
2022-11-11,0.057304386,-0.0035077229,-0.00450206995010376,-0.003916487097740173,-0.0022491529583930966,0.0131309827605251,0.0016988362
2022-11-18,-0.006933656,-0.0037189708,-0.004518239200115204,-0.0035749152302742004,-0.002913902699947357,0.0026949667584658665,0.020885596
2022-11-25,0.019958833,-0.0027135178,-0.003097982704639435,-0.002919144928455353,-0.002114807069301605,0.007489827371937541,0.011802131
2022-12-02,0.011257429,-0.0023686425,-0.0026690706610679625,-0.0025017112493515015,-0.0020148694515228272,-0.0012387669189395378,0.009274401
2022-12-09,-0.034307312,-0.0024249465,-0.003549811244010925,-0.0021462514996528625,-0.0014753371477127075,0.008909133400983038,0.026443092
2022-12-16,-0.021067305,-0.0037087873,-0.004023277759552002,-0.0036116614937782288,-0.0034228652715682984,0.005928664777701764,0.018720549
2022-12-23,-0.0019591697,-0.0037190497,-0.004031619429588318,-0.003739096224308014,-0.0033862099051475527,0.003073911704277954,0.019432642
2022-12-30,0.0044662966,-0.0021820352,-0.0024255350232124328,-0.0023150965571403503,-0.0018064424395561217,0.013590070890430628,0.008486411
2023-01-06,0.011828113,-0.0018890097,-0.0027381151914596556,-0.0015363097190856934,-0.0012906894087791442,0.007710964040332724,0.0017816654
2023-01-13,0.02635262,-0.0012146949,-0.0015706762671470643,-0.0012884363532066345,-0.0007947385311126709,0.010641009957973513,0.031035483
2023-01-20,-0.0026546286,-0.001740925,-0.0020680949091911316,-0.0018755868077278137,-0.0013287022709846496,0.001548059253583367,0.01619854
2023-01-27,0.02435726,-0.0011758774,-0.0016116276383399963,-0.0010196790099143982,-0.0008801579475402832,0.004135497153937739,0.0094681075
2023-02-03,0.016064584,0.000842835,-4.425644874572754e-05,0.0005693733692169189,0.0019465550780296327,0.016087522025140077,0.010883753
2023-02-10,-0.011187756,0.00018769651,-0.0008789137005805969,0.0005810782313346863,0.0011006519198417664,-0.012622888564505552,0.017053042
2023-02-17,-0.0027834778,-0.0007996097,-0.0013876214623451232,-0.000909462571144104,-0.00018407553434371946,4.016290368169528e-05,-0.011925646
2023-02-24,-0.029869009,-0.0019543841,-0.0024832695722579955,-0.0020494014024734497,-0.0014067322015762329,0.012020021469478392,-0.039462287
2023-03-03,0.018863551,-0.0051305415,-0.0054044991731643675,-0.005062371492385864,-0.00489983856678009,0.0031844925382530365,-0.019388542
2023-03-10,-0.046560694,-0.00085349084,-0.002576012909412384,-0.0002574846148490906,0.0005570873618125916,-0.00611866528595173,-0.0025082505
2023-03-17,0.014155078,-0.0020475178,-0.002603723108768463,-0.0019448623061180115,-0.0015053316950798033,0.003239514572478397,0.00071550993
2023-03-24,0.013781316,-0.0018998876,-0.0031734704971313477,-0.00232735276222229,-0.00017291158437728851,-0.010691939665835148,-0.0033453428
2023-03-31,0.034239713,-0.0002036035,-0.001342463493347168,0.00027277320623397827,0.0005797669291496277,0.009157641258512428,-0.002417024
2023-04-07,0.0132888025,-0.0010472506,-0.003164219856262207,-0.0012242943048477173,0.0014214068651199343,-0.0035379334774675586,-0.0039144144
2023-04-14,0.00791499,-0.0024247454,-0.002800171077251434,-0.0024833977222442627,-0.0019915878772735597,0.009698497582751597,0.009126047
2023-04-21,-0.0009962611,-0.0018789247,-0.0027851641178131105,-0.0016716644167900085,-0.0011181682348251343,0.011872394980033507,0.006117321
2023-04-28,0.008661974,-0.0014317721,-0.002505896985530853,-0.0012022927403450012,-0.00043107122182846065,0.006292753203889612,-0.0553925
2023-05-05,-0.008001743,7.898211e-05,-0.0007158622145652771,0.00012895464897155762,0.0007848799228668213,-0.007372560758371005,-0.008476602
2023-05-12,-0.0029465966,-0.0019121527,-0.002634599804878235,-0.0023409128189086914,-0.0008295357227325438,0.0013028689545180328,0.012491722
2023-05-19,0.016330188,0.000624308,0.00010094195604324344,0.0005999132990837097,0.001145067811012268,-0.025829244107508587,-0.032401897
2023-05-26,0.0032081783,0.0005735442,-4.208087921142578e-05,0.0005466043949127197,0.0012044385075569153,-0.005209315172462647,-0.061371412
2023-06-02,0.031089954,0.0012900025,0.0005833089351654052,0.0010797977447509766,0.002162259817123413,-0.003037757642464445,0.00033145523
2023-06-09,0.0038432174,0.0028869347,0.0020440056920051574,0.0031782984733581543,0.0036149293184280394,-0.0022215453222542703,-0.05873362
2023-06-16,0.02543184,0.001895456,0.0013320267200469971,0.0019362270832061768,0.0025203675031661987,-0.020414871394873912,-0.031210313
2023-06-23,-0.017668175,0.0021638782,0.0015819668769836426,0.001986980438232422,0.00289745032787323,-0.0038889228246546947,-0.06483523
2023-06-30,0.023197578,0.0022738115,0.002017967402935028,0.0020678266882896423,0.002703608572483063,-0.01295323721873548,-0.064352825
2023-07-07,0.0005708113,0.0021381273,0.0014682620763778686,0.0017995014786720276,0.003111808001995087,-0.0046454129599015626,-0.036049385
2023-07-14,0.02391518,0.0005666718,4.125833511352539e-05,0.0004254579544067383,0.0011860638856887817,-0.0033736534103776528,-0.039213836
2023-07-21,0.006839386,0.0006739736,2.7820467948913574e-05,0.0006073713302612305,0.001304452121257782,-0.02652514123735933,-0.021876207
2023-07-28,0.01006529,0.0010114536,0.0005507692694664001,0.0007662028074264526,0.001646612584590912,0.0012205779965978603,-0.024107952
2023-08-04,-0.023002606,0.0012433886,0.0003645539283752442,0.0010173171758651733,0.002199399471282959,-0.0073224727497471775,-0.044743102
2023-08-11,-0.0031267877,0.0014500127,0.0010162621736526489,0.0013141557574272156,0.001958201825618744,0.001195294436521166,-0.044764172
2023-08-18,-0.021359745,0.00058288424,0.00010054409503936767,0.00023668259382247925,0.0012972682714462282,-0.00020712308376730215,-0.0037635064
2023-08-25,0.008204781,0.003331347,0.0030288249254226685,0.003361843526363373,0.003641986846923828,-0.0013710240242296723,-0.087487265
2023-09-01,0.024674302,0.005110681,0.004793597757816315,0.005207151174545288,0.00533616840839386,0.003747434778378911,-0.044855576
2023-09-08,-0.011192326,0.005844377,0.005438974499702454,0.005867339670658112,0.0062422588467597965,-0.004218275434894836,-0.019019594
2023-09-15,-0.0016099158,0.004780191,0.004505389928817749,0.004777729511260986,0.005072483420372009,0.0017242709588292104,-0.0016864636
2023-09-22,-0.029706659,0.0049452754,0.004548808932304383,0.004945509135723114,0.005321970582008362,-0.023541884775489297,-0.056829363
2023-09-29,-0.007437266,0.004024206,0.003702026605606079,0.0037535429000854492,0.0045338630676269535,-0.0008751102652101439,-0.060120054
2023-10-06,0.0047577773,0.003119971,0.002684555947780609,0.0028395876288414,0.0037279412150382995,-0.007833962527004301,-0.03390765
2023-10-13,0.0044648433,0.004936035,0.0045112654566764835,0.004953429102897644,0.005383323132991791,-0.016073902775046944,-0.08947888
2023-10-20,-0.024234198,0.0033687025,0.002656400203704834,0.0032435208559036255,0.0040902778506278995,-0.014116590264410145,-0.094448335
2023-10-27,-0.025605824,0.002230452,0.002037730813026428,0.0022259801626205444,0.0024557948112487794,-0.004262317513372971,-0.11484455
2023-11-03,0.056876577,0.0024454102,0.0021471485495567324,0.0023647695779800415,0.0027604535222053527,-0.01093769898696112,-0.11300035
2023-11-10,0.012971031,0.0030705035,0.002543942630290985,0.003209821879863739,0.003457489609718323,0.0012618612805697094,-0.09017617
2023-11-17,0.022125868,0.0042224764,0.0036023005843162535,0.004416175186634064,0.004772798717021942,-0.01989524414068866,-0.10114224
2023-11-24,0.011270956,0.004561901,0.004225923120975495,0.004368245601654053,0.005015380680561066,0.00363135859311986,-0.07064946
2023-12-01,0.007710363,0.00501543,0.004496432840824127,0.004942886531352997,0.005580244958400727,-0.006605421643909926,-0.06327191
2023-12-08,0.0021176732,0.0054000346,0.005099841952323913,0.005216829478740692,0.005795870721340179,-0.006003331091488928,-0.07587472
2023-12-15,0.024631284,0.0056245043,0.004962149262428284,0.005407601594924927,0.006460636854171753,-0.0013749401434840491,-0.07548494
2023-12-22,0.0074816933,0.0045022545,0.0040914550423622135,0.004451237618923187,0.004889984428882599,-0.0254003497247432,-0.082271956
2023-12-29,0.0048505077,0.0047306702,0.004525136947631836,0.004637725651264191,0.004965734481811523,-0.0029297195312386615,-0.103187054
2024-01-05,-0.018166006,0.0052257357,0.004862502217292786,0.005036979913711548,0.005745553970336914,-0.04476710224414798,-0.10062989
2024-01-12,0.018266344,0.0051401183,0.004325090348720551,0.005092717707157135,0.006027296185493469,-0.0032530680148358804,-0.088842645
2024-01-19,0.012384673,0.0049466984,0.004748794436454773,0.004950761795043945,0.005124002695083618,-0.010879898132206023,-0.09881375
2024-01-26,0.010515216,0.004992357,0.004318070411682129,0.0050163790583610535,0.0057385250926017765,-2.8988817737440886e-05,-0.082516104
2024-02-02,0.01373474,0.005318226,0.004665766656398773,0.004897415637969971,0.006220386922359466,-0.004351651753179198,-0.100214794
2024-02-09,0.013620341,0.0051689954,0.004458795487880707,0.0054670944809913635,0.005695942044258118,-0.00512256696649499,-0.0899138
2024-02-16,-0.004194516,0.007755025,0.006808511912822723,0.007838033139705658,0.00860605388879776,-0.01664883227337266,-0.04847367
2024-02-23,0.011675707,0.0072267787,0.006572619080543518,0.007032237946987152,0.008033087849617005,-0.0006206565528901198,-0.05130632
2024-03-01,0.009442832,0.006903979,0.006050246953964234,0.007150828838348389,0.007607541978359222,-0.008039384463993993,-0.059409898
2024-03-08,-0.0026099687,0.0048054205,0.00339617133140564,0.004979468882083893,0.006209719181060791,-0.0054818263729264904,-0.05159415
2024-03-15,-0.0012889836,0.0046538534,0.00419590026140213,0.0046586766839027405,0.005163170397281647,-0.0014819614948586857,-0.11805948
2024-03-22,0.02262434,0.0056025237,0.004906371235847473,0.005642443895339966,0.006286144256591797,-0.015236462462231704,-0.10585525
2024-03-29,0.002442924,0.004796402,0.004388478398323059,0.004484698176383972,0.0054574146866798404,-0.003948637529376908,-0.048417296
2024-04-05,-0.009563461,0.005185111,0.004815991222858429,0.005207806825637817,0.005510652065277099,-0.007940490559349866,-0.043040402
2024-04-12,-0.0156726,0.0043684766,0.004120577871799469,0.0041635483503341675,0.004750831425189972,-0.006918786715390701,-0.092709474
2024-04-19,-0.030957926,0.0041792095,0.003740181028842926,0.004375047981739044,0.004458473622798919,-0.0008149180614636098,-0.10599413
2024-04-26,0.026370352,0.0034419731,0.0031743183732032775,0.0033149123191833496,0.0038107022643089294,-0.00048067181265454284,-0.09016826
2024-05-03,0.0054420857,0.004184416,0.0038592666387557983,0.004106156527996063,0.004556296765804291,-0.013460953148129784,-0.10348477
2024-05-10,0.018335938,0.003134525,0.002571249008178711,0.0033167898654937744,0.0036297619342803957,0.004752888972343106,-0.10120552
2024-05-17,0.015312902,0.0031676292,0.0029411718249320986,0.0032917484641075134,0.0033325180411338806,-0.004992282185262986,-0.12131032
2024-05-24,0.00027341567,0.0037525222,0.003359198570251465,0.0035074204206466675,0.004266010224819183,-0.005202948263669682,-0.10418702
2024-05-31,0.0018339695,0.0028156205,0.0024237707257270813,0.0028433725237846375,0.0031923547387123106,-0.00822832425809833,-0.12408143
2024-06-07,0.013079478,0.0039824396,0.0036821529269218446,0.0040049925446510315,0.004265238344669342,-0.0039316773694058615,-0.10827571
2024-06-14,0.015699938,0.004048607,0.0035634830594062803,0.00411880761384964,0.004495172202587128,-0.006798714634246583,-0.11210855
2024-06-21,0.0056669014,0.0036049783,0.003163066506385803,0.0036508142948150635,0.003991256654262543,-0.008049475585888977,-0.116019875
2024-06-28,-0.0007579129,0.0030586333,0.002867785096168518,0.0029388517141342163,0.003308038413524628,-0.003649912326517013,-0.10790064
2024-07-05,0.01526172,0.0027213215,0.0020316749811172484,0.002985738217830658,0.0032591715455055235,-0.009144987026204587,-0.1003757
2024-07-12,0.008613509,0.0038604005,0.003708535432815552,0.0037510916590690613,0.0041113033890724186,-0.012812919603985728,-0.10817185
2024-07-19,-0.019847166,0.00403436,0.0036046072840690614,0.004047371447086334,0.004476694762706757,-0.011523018548683095,-0.09566057
2024-07-26,-0.008372812,0.0038409592,0.003167954087257385,0.003871433436870575,0.004518063366413116,-0.00677349326474902,-0.09654596
2024-08-02,-0.020830585,0.0047483696,0.004401138424873352,0.004680313169956207,0.005160979926586151,-0.011967452429349823,-0.10488138
2024-08-09,-0.00044896925,0.0026918217,0.002052859961986542,0.002864263951778412,0.003158353269100189,-0.0009653306988737786,-0.09757249
2024-08-16,0.038558993,0.0024982363,0.0018676236271858216,0.0027529150247573853,0.0029740199446678162,-0.015961926659650405,-0.11285495
2024-08-23,0.01436451,0.0035366088,0.0028921768069267275,0.003735087811946869,0.004027335345745087,-0.007508567651759779,-0.09663186
2024-08-30,0.0024443914,0.0046929657,0.004596255719661713,0.004683315753936768,0.004794526100158692,-0.010805948009686928,-0.10005626
2024-09-06,-0.03337286,0.004310812,0.003431530296802521,0.004650972783565521,0.005009682476520538,-0.024604738496540435,-0.036755405
2024-09-13,0.039445285,0.0043842136,0.003873969614505768,0.004228666424751282,0.005019189417362213,0.0001548401337868599,-0.0327359
2024-09-20,0.013511141,0.00461669,0.004257701337337494,0.004590541124343872,0.004997365176677704,-0.015268725196860622,-0.03505379
2024-09-27,0.0062269215,0.0066326065,0.006358644366264344,0.006592214107513428,0.006978964805603028,-0.0150155593811242,-0.048918817
2024-10-04,0.0022455633,0.0062348368,0.005934381484985351,0.006219044327735901,0.006604097783565521,-0.018875662105979463,-0.06882955
2024-10-11,0.011060014,0.006024732,0.0054917499423027035,0.0060402825474739075,0.006601755321025848,0.006528605552848732,-0.034011766
2024-10-18,0.008500293,0.0063209967,0.006045086681842804,0.006325095891952515,0.006565652787685394,-0.04803467335735562,-0.055948414
2024-10-25,-0.009689243,0.0051079364,0.004835076630115509,0.004988044500350952,0.005483086407184601,-0.007973877668040807,-0.056943342
2024-11-01,-0.013750908,0.0054142983,0.005015139281749725,0.005160562694072723,0.006022404134273529,-0.017635115147796143,-0.050525114
2024-11-08,0.045509815,0.005762844,0.0055072948336601256,0.005858041346073151,0.005920045077800751,-0.0076520216712628875,-0.10441547
2024-11-15,-0.021055596,0.0063712015,0.005891747772693634,0.006528936326503754,0.006737084686756134,-0.015282841183312135,-0.054524478
2024-11-22,0.016676072,0.005389607,0.004816897213459015,0.005726605653762817,0.005781646072864533,-0.004234706009213607,-0.05043318
2024-11-29,0.013967223,0.005676061,0.005422113835811615,0.0057096779346466064,0.005894431471824646,-0.014279005413396106,-0.04325575
2024-12-06,0.009550813,0.005039251,0.004808509349822998,0.005028814077377319,0.00526016354560852,-0.006641360399270657,-0.037755106
2024-12-13,-0.0064540235,0.0059044464,0.005476154386997223,0.005623035132884979,0.006500078737735749,-0.015637406095579065,-0.055184353
2024-12-20,-0.020070838,0.006045027,0.005535805225372314,0.006241112947463989,0.006364244222640991,-0.007184850093052586,-0.03838824
2024-12-27,0.017530516,0.0044450476,0.004239614307880402,0.004423178732395172,0.0046625927090644835,-0.00613897963023835,-0.02592532
2025-01-03,-0.015879992,0.0058824318,0.005480627715587616,0.005951039493083954,0.006236426532268524,-0.006369607249597342,-0.029900549
2025-01-10,-0.0070983917,0.0046927035,0.004273054003715515,0.0048334673047065735,0.004998955130577088,-0.00903386884148727,-0.017588323
2025-01-17,0.028693514,0.0043665366,0.0036377400159835816,0.0045127347111701965,0.005073164403438568,-0.01003046026097254,-0.020857777
2025-01-24,0.027230872,0.0059485035,0.005625499784946442,0.005708709359169006,0.006504647433757782,-0.015227952412310453,-0.03514351
2025-01-31,-0.010000347,0.005570951,0.005040866136550903,0.005684114992618561,0.006007203459739685,-0.0032825831906896363,-0.036075033
2025-02-07,-0.0024099008,0.004382254,0.003897656500339508,0.004332214593887329,0.004893887042999268,-0.010489293791620113,-0.03238221
2025-02-14,0.014602421,0.0046676546,0.004432852566242218,0.004632703959941864,0.004907859861850739,-0.005460664857721009,-0.04255586
2025-02-21,-0.016810795,0.0049033314,0.004590429365634918,0.004904069006443024,0.0052370473742485045,-0.013093354081530673,-0.051393982
2025-02-28,-0.009798156,0.0044203536,0.003918403387069702,0.004604950547218323,0.004804004728794098,-0.0064493080313742235,-0.034546934
2025-03-07,-0.03144046,0.0032157986,0.002900038659572601,0.003261178731918335,0.0035426273941993715,-0.009467753957551062,-0.036161397
2025-03-14,-0.023010682,0.002985476,0.002531653642654419,0.0029267221689224243,0.003479205071926117,-0.0038083498795037363,-0.038015597
2025-03-21,0.005062606,0.0031901032,0.002756232023239136,0.0033257082104682922,0.003551611304283142,-0.0099033826681596,-0.027982118
2025-03-28,-0.01540149,0.0047731446,0.004322049021720886,0.00489632785320282,0.005187582969665527,-0.017095160612483618,-0.03386117
2025-04-04,-0.09521197,0.003218688,0.002600821852684021,0.0034223422408103943,0.0036934375762939452,-0.007446582145980485,-0.032435454
2025-04-11,0.055445377,0.0006155789,0.0003890290856361389,0.0005119368433952332,0.000896841287612915,-0.006537461367434161,-0.048364863
2025-04-18,0.0027771296,0.0017995953,0.0013002350926399231,0.001484893262386322,0.0024903789162635803,-0.01231978447357418,-0.046900123
2025-04-25,0.04488388,0.0025901913,0.002100890874862671,0.002659708261489868,0.003022840619087219,-0.008552711789409528,-0.04676147
2025-05-02,0.028803578,0.0034133806,0.0030526995658874513,0.0033403337001800537,0.0038330584764480593,-0.012808981643745665,-0.049297713
2025-05-09,-0.004716807,0.0034378902,0.003029835224151611,0.0031437426805496216,0.00401180237531662,-0.007343554002969044,-0.04992877
2025-05-16,0.051390592,0.0025534392,0.0022399887442588807,0.002402566373348236,0.0029461398720741273,-0.009362945167466719,-0.04311026
2025-05-23,-0.026454637,0.0033077686,0.0030317023396492005,0.0032125189900398254,0.0036342069506645203,-0.007263497754423698,-0.037427235
2025-05-30,0.011856861,0.003173293,0.0028537675738334657,0.0031568557024002075,0.0035034224390983583,-0.01119541903755683,-0.046828624
2025-06-06,0.014887708,0.0030534342,0.002728663384914398,0.0027909427881240845,0.0035515040159225463,-0.010947923222865974,-0.05091052
2025-06-13,-0.0039056581,0.0032613217,0.0029351115226745605,0.0033108219504356384,0.003524066507816315,-0.009751454087344236,-0.044904068
2025-06-20,-0.012889428,0.0017585352,0.001541253924369812,0.0018567368388175964,0.0018813088536262512,-0.006065765641630527,-0.03156286
2025-06-27,0.033811226,0.0025811493,0.002235133945941925,0.00249355286359787,0.0030284807085990905,-0.014456533792071125,-0.047129434
2025-07-04,0.022275632,0.003021203,0.0024267494678497314,0.002811528742313385,0.0037849903106689452,-0.01015759521149251,-0.026569575
2025-07-11,-0.0031262392,0.004472649,0.004249157011508941,0.004360966384410858,0.004742707312107086,-0.0005191408883674642,-0.014477643
2025-07-18,0.0058997376,0.0034863546,0.0031351447105407715,0.0033986270427703857,0.003916314244270325,-0.010430854184257377,-0.043287348
2025-07-25,0.014481449,0.0040068133,0.003280061483383179,0.004251599311828613,0.004577571153640747,-0.0031493152676488334,-0.021257898
2025-08-01,-0.023860252,0.0042847767,0.004053795337677002,0.0043332502245903015,0.004502098262310028,-0.010378047703885174,-0.031353094
2025-08-08,0.02398704,0.0032341375,0.0026741445064544676,0.0028551220893859863,0.003976462781429291,-0.009104815761019736,-0.03077573
2025-08-15,0.009400869,0.0042652087,0.0036233261227607725,0.004582047462463379,0.004739128053188324,-0.005961279391378138,-0.060264092
2025-08-22,0.0026493375,0.003927502,0.0032661616802215575,0.004068203270435333,0.004511502385139465,-0.019496109126576733,-0.029256573
2025-08-29,-0.0010289013,0.0034542098,0.0031984046101570128,0.003454066812992096,0.003718636929988861,-0.004975300069958166,-0.026868692
2025-09-05,-0.0031363037,0.0032112286,0.0031026363372802734,0.003136277198791504,0.003364865481853485,-0.01965261737336399,-0.033545267
2025-09-12,0.01573455,0.0030909195,0.002582959830760956,0.0029029175639152527,0.0037327006459236143,-0.012179441319021267,-0.0463418
2025-09-19,0.01208739,0.003187628,0.002777509391307831,0.0029048845171928406,0.0037589922547340395,-0.005788136214927464,-0.04364075
2025-09-26,-0.0031048378,0.0037013874,0.002825014293193817,0.00356486439704895,0.004640218615531921,-0.008176635474796745,-0.029870901
2025-10-03,0.010792409,0.0040126815,0.003402353823184967,0.0037925615906715393,0.004828548431396485,-0.007437654347892453,-0.0322859
2025-10-10,-0.02461333,0.0038448274,0.0035849988460540773,0.0038937032222747803,0.004078818857669831,-0.012099807147329278,-0.057113424
2025-10-17,0.016873224,0.0023349568,0.0018431663513183594,0.002561710774898529,0.0026228994131088255,-0.0013429636417345847,-0.01687551
2025-10-24,0.018978426,0.004092717,0.0035683706402778624,0.003934726119041443,0.0046984851360321045,-0.011179239396887808,-0.038373735
2025-10-31,0.007117202,0.003799519,0.003494417667388916,0.0038268566131591797,0.004074591398239136,-0.014445922436928216,-0.0385802
2025-11-07,-0.016420206,0.003297615,0.0027526602149009704,0.003191806375980377,0.003906257450580597,-0.0024839828860246937,-0.030624196
2025-11-14,0.0025517405,0.0018601387,0.0013564646244049073,0.0019061937928199768,0.002328871190547943,-0.011091661900408,-0.03573888
