date,level_true,level_pred,sp500_close
2014-05-30,1946.8892,1922.8712,1923.5699462890625
2014-06-06,1973.0729,1921.9716,1949.43994140625
2014-06-06,1999.6085,1938.2411,1949.43994140625
2014-06-13,1985.9869,1960.6891,1936.1600341796875
2014-06-13,1972.458,1997.8336,1936.1600341796875
2014-06-20,1999.6688,2024.1481,1962.8699951171875
2014-06-20,2027.2548,2035.4452,1962.8699951171875
2014-06-27,2025.282,2043.4303,1960.9599609375
2014-06-27,2023.3113,2051.5605,1960.9599609375
2014-07-04,2048.5698,2053.2273,1985.43994140625
2014-07-04,2074.1433,2063.1694,1985.43994140625
2014-07-11,2055.4749,2074.569,1967.5699462890625
2014-07-11,2036.9746,2074.777,1967.5699462890625
2014-07-18,2048.0005,2079.4258,1978.219970703125
2014-07-18,2059.0857,2082.4153,1978.219970703125
2014-07-25,2059.2104,2077.9436,1978.3399658203125
2014-07-25,2059.3354,2085.4624,1978.3399658203125
2014-08-01,2003.9679,2091.8235,1925.1500244140625
2014-08-01,1950.0889,2054.7095,1925.1500244140625
2014-08-08,1956.6122,2029.4895,1931.5899658203125
2014-08-08,1963.1576,1995.7357,1931.5899658203125
2014-08-15,1987.0111,1956.205,1955.06005859375
2014-08-15,2011.1545,1962.3635,1955.06005859375
2014-08-22,2045.4512,1948.5305,1988.4000244140625
2014-08-22,2080.3325,1983.385,1988.4000244140625
2014-08-29,2095.9946,2023.8328,2003.3699951171875
2014-08-29,2111.7747,2052.511,2003.3699951171875
2014-09-05,2116.3496,2082.2893,2007.7099609375
2014-09-05,2120.9343,2083.0837,2007.7099609375
2014-09-12,2097.5142,2085.25,1985.5400390625
2014-09-12,2074.3523,2059.6719,1985.5400390625
2014-09-19,2100.3245,2033.1454,2010.4000244140625
2014-09-19,2126.6216,2040.4833,2010.4000244140625
2014-09-26,2097.479,2045.9204,1982.8499755859373
2014-09-26,2068.7356,2051.1353,1982.8499755859373
2014-10-03,2053.138,2076.042,1967.9000244140625
2014-10-03,2037.6582,2053.6138,1967.9000244140625
2014-10-10,1973.6986,2036.3207,1906.1300048828125
2014-10-10,1911.7465,1983.3905,1906.1300048828125
2014-10-17,1892.3193,1929.9993,1886.760009765625
2014-10-17,1873.0897,1867.9376,1886.760009765625
2014-10-24,1950.346,1816.3083,1964.5799560546875
2014-10-24,2030.7883,1816.093,1964.5799560546875
2014-10-31,2086.0605,1820.9008,2018.050048828125
2014-10-31,2142.837,1889.0394,2018.050048828125
2014-11-07,2157.5647,1951.1891,2031.9200439453125
2014-11-07,2172.3936,1972.6777,2031.9200439453125
2014-11-14,2180.8396,1997.8727,2039.8199462890625
2014-11-14,2189.3184,2004.7946,2039.8199462890625
2014-11-21,2214.734,2021.0236,2063.5
2014-11-21,2240.4446,2043.7334,2063.5
2014-11-28,2244.8528,2062.0103,2067.56005859375
2014-11-28,2249.2698,2078.6313,2067.56005859375
2014-12-05,2257.766,2092.0894,2075.3701171875
2014-12-05,2266.2947,2111.2952,2075.3701171875
2014-12-12,2186.5352,2116.616,2002.3299560546875
2014-12-12,2109.5828,2073.1492,2002.3299560546875
2014-12-19,2181.562,2027.1885,2070.64990234375
2014-12-19,2255.9976,2029.8196,2070.64990234375
2014-12-26,2275.7395,2037.3213,2088.77001953125
2014-12-26,2295.6545,2053.0435,2088.77001953125
2015-01-02,2262.0566,2099.4092,2058.199951171875
2015-01-02,2228.9502,2208.0305,2058.199951171875
2015-01-09,2214.4497,2277.2988,2044.81005859375
2015-01-09,2200.0432,2256.1003,2044.81005859375
2015-01-16,2172.7258,2235.8662,2019.4200439453125
2015-01-16,2145.7473,2224.543,2019.4200439453125
2015-01-23,2180.174,2225.1016,2051.820068359375
2015-01-23,2215.1533,2220.765,2051.820068359375
2015-01-30,2153.7993,2230.1077,1994.989990234375
2015-01-30,2094.1445,2202.7395,1994.989990234375
2015-02-06,2157.6306,2173.6133,2055.469970703125
2015-02-06,2223.0413,2189.1553,2055.469970703125
2015-02-13,2267.946,2223.2578,2096.989990234375
2015-02-13,2313.7583,2303.0706,2096.989990234375
2015-02-20,2328.444,2368.2659,2110.300048828125
2015-02-20,2343.2234,2423.2358,2110.300048828125
2015-02-27,2336.783,2478.8076,2104.5
2015-02-27,2330.3606,2515.2598,2104.5
2015-03-06,2293.553,2527.9685,2071.260009765625
2015-03-06,2257.3271,2515.668,2071.260009765625
2015-03-13,2237.8625,2486.1328,2053.39990234375
2015-03-13,2218.566,2520.0212,2053.39990234375
2015-03-20,2277.666,2505.857,2108.10009765625
2015-03-20,2338.3403,2541.0786,2108.10009765625
2015-03-27,2286.1182,2552.923,2061.02001953125
2015-03-27,2235.0625,2568.985,2061.02001953125
2015-04-03,2241.5042,2595.3118,2066.9599609375
2015-04-03,2247.9644,2558.771,2066.9599609375
2015-04-10,2286.138,2522.8845,2102.06005859375
2015-04-10,2324.9602,2566.2048,2102.06005859375
2015-04-17,2301.866,2597.136,2081.179931640625
2015-04-17,2279.001,2613.0828,2081.179931640625
2015-04-24,2318.9814,2650.7874,2117.68994140625
2015-04-24,2359.663,2644.4893,2117.68994140625
2015-05-01,2349.1892,2641.321,2108.2900390625
2015-05-01,2338.7617,2703.8174,2108.2900390625
2015-05-08,2347.4255,2740.3108,2116.10009765625
2015-05-08,2356.1213,2716.2573,2116.10009765625
2015-05-15,2363.5034,2729.858,2122.72998046875
2015-05-15,2370.9084,2753.8237,2122.72998046875
2015-05-22,2374.6277,2778.8306,2126.06005859375
2015-05-22,2378.353,2784.2524,2126.06005859375
2015-05-29,2357.4673,2811.031,2107.389892578125
2015-05-29,2336.765,2797.616,2107.389892578125
2015-06-05,2320.6206,2804.0413,2092.830078125
2015-06-05,2304.5874,2772.9946,2092.830078125
2015-06-12,2305.9968,2747.9604,2094.110107421875
2015-06-12,2307.4075,2719.1045,2094.110107421875
2015-06-19,2324.9048,2695.316,2109.989990234375
2015-06-19,2342.5347,2709.4783,2109.989990234375
2015-06-26,2333.0981,2725.0916,2101.489990234375
2015-06-26,2323.6992,2742.254,2101.489990234375
2015-07-03,2296.3762,2750.56,2076.780029296875
2015-07-03,2269.375,2712.7092,2076.780029296875
2015-07-10,2269.2002,2686.4275,2076.6201171875
2015-07-10,2269.0254,2674.2693,2076.6201171875
2015-07-17,2323.6797,2661.582,2126.639892578125
2015-07-17,2379.6504,2683.257,2126.639892578125
2015-07-24,2327.07,2707.2278,2079.64990234375
2015-07-24,2275.6514,2677.4348,2079.64990234375
2015-07-31,2302.1213,2629.423,2103.840087890625
2015-07-31,2328.8994,2623.054,2103.840087890625
2015-08-07,2299.819,2613.7244,2077.570068359375
2015-08-07,2271.1018,2630.7212,2077.570068359375
2015-08-14,2286.3733,2679.1025,2091.5400390625
2015-08-14,2301.747,2654.6692,2091.5400390625
2015-08-21,2168.9714,2647.0122,1970.8900146484373
2015-08-21,2043.8547,2606.3118,1970.8900146484373
2015-08-28,2062.5005,2610.9397,1988.8699951171875
2015-08-28,2081.3162,2511.5083,1988.8699951171875
2015-09-04,2010.5217,2460.1833,1921.219970703125
2015-09-04,1942.1351,2433.9583,1921.219970703125
2015-09-11,1982.3988,2388.3435,1961.050048828125
2015-09-11,2023.4973,2264.2454,1961.050048828125
2015-09-18,2020.381,2273.8594,1958.030029296875
2015-09-18,2017.2695,2295.032,1958.030029296875
2015-09-25,1989.7721,2312.3071,1931.3399658203125
2015-09-25,1962.6494,2294.2046,1931.3399658203125
2015-10-02,1982.9938,2312.5376,1951.3599853515625
2015-10-02,2003.5494,2283.8428,1951.3599853515625
2015-10-09,2068.7786,2260.7078,2014.8900146484373
2015-10-09,2136.1313,2277.058,2014.8900146484373
2015-10-16,2155.4478,2298.417,2033.1099853515625
2015-10-16,2174.9385,2327.7185,2033.1099853515625
2015-10-23,2219.9111,2358.9312,2075.14990234375
2015-10-23,2265.8137,2403.421,2075.14990234375
2015-10-30,2270.4106,2433.421,2079.360107421875
2015-10-30,2275.017,2470.194,2079.360107421875
2015-11-06,2296.7236,2509.365,2099.199951171875
2015-11-06,2318.6375,2519.4492,2099.199951171875
2015-11-13,2234.5164,2540.935,2023.0400390625
2015-11-13,2153.4473,2510.9534,2023.0400390625
2015-11-20,2223.8398,2487.387,2089.169921875
2015-11-20,2296.5337,2478.1238,2089.169921875
2015-11-27,2297.5671,2447.3206,2090.110107421875
2015-11-27,2298.601,2550.8904,2090.110107421875
2015-12-04,2300.3386,2626.498,2091.68994140625
2015-12-04,2302.0771,2676.6086,2091.68994140625
2015-12-11,2214.779,2711.1597,2012.3699951171875
2015-12-11,2130.7913,2701.8745,2012.3699951171875
2015-12-18,2123.57,2652.173,2005.550048828125
2015-12-18,2116.3733,2571.319,2005.550048828125
2015-12-25,2174.877,2532.0278,2060.989990234375
2015-12-25,2234.9973,2612.88,2060.989990234375
2016-01-01,2216.5078,2663.59,2043.93994140625
2016-01-01,2198.1714,2668.0676,2043.93994140625
2016-01-08,2067.0623,2695.5063,1922.030029296875
2016-01-08,1943.7733,2629.5874,1922.030029296875
2016-01-15,1901.6014,2600.5154,1880.3299560546875
2016-01-15,1860.3446,2485.4495,1880.3299560546875
2016-01-22,1886.6323,2393.3633,1906.9000244140625
2016-01-22,1913.2914,2376.5203,1906.9000244140625
2016-01-29,1946.743,2374.608,1940.239990234375
2016-01-29,1980.7797,2407.2766,1940.239990234375
2016-02-05,1919.3322,2424.7888,1880.050048828125
2016-02-05,1859.7908,2411.5745,1880.050048828125
2016-02-12,1844.6853,2390.8218,1864.780029296875
2016-02-12,1829.7025,2368.804,1864.780029296875
2016-02-19,1881.7056,2347.0142,1917.780029296875
2016-02-19,1935.1866,2360.4578,1917.780029296875
2016-02-26,1965.7313,2345.526,1948.050048828125
2016-02-26,1996.7582,2425.4575,1948.050048828125
2016-03-04,2049.997,2518.7642,1999.989990234375
2016-03-04,2104.655,2554.5408,1999.989990234375
2016-03-11,2128.0168,2587.999,2022.18994140625
2016-03-11,2151.6377,2614.525,2022.18994140625
2016-03-18,2180.7812,2646.6162,2049.580078125
2016-03-18,2210.3196,2682.3735,2049.580078125
2016-03-25,2195.6096,2746.8015,2035.93994140625
2016-03-25,2180.9976,2754.926,2035.93994140625
2016-04-01,2220.4624,2756.5884,2072.780029296875
2016-04-01,2260.6416,2785.7703,2072.780029296875
2016-04-08,2233.1794,2792.713,2047.5999755859373
2016-04-08,2206.0508,2809.2493,2047.5999755859373
2016-04-15,2241.7446,2831.123,2080.72998046875
2016-04-15,2278.0156,2805.9424,2080.72998046875
2016-04-22,2289.8948,2775.418,2091.580078125
2016-04-22,2301.8354,2763.8225,2091.580078125
2016-04-29,2272.9136,2748.5818,2065.300048828125
2016-04-29,2244.3552,2719.4116,2065.300048828125
2016-05-06,2235.4875,2679.5151,2057.139892578125
2016-05-06,2226.655,2637.82,2057.139892578125
2016-05-13,2215.2576,2612.7764,2046.6099853515625
2016-05-13,2203.9182,2584.1987,2046.6099853515625
2016-05-20,2210.0671,2539.2014,2052.320068359375
2016-05-20,2216.2332,2535.021,2052.320068359375
2016-05-27,2266.7063,2532.7148,2099.06005859375
2016-05-27,2318.3286,2545.1702,2099.06005859375
2016-06-03,2318.406,2560.377,2099.1298828125
2016-06-03,2318.483,2596.1384,2099.1298828125
2016-06-10,2315.1035,2620.0461,2096.070068359375
2016-06-10,2311.7288,2623.3984,2096.070068359375
2016-06-17,2284.3218,2642.3435,2071.219970703125
2016-06-17,2257.24,2596.3308,2071.219970703125
2016-06-24,2220.3936,2561.1282,2037.4100341796875
2016-06-24,2184.1484,2530.932,2037.4100341796875
2016-07-01,2254.4087,2505.6113,2102.949951171875
2016-07-01,2326.9292,2528.2122,2102.949951171875
2016-07-08,2356.7495,2558.0361,2129.89990234375
2016-07-08,2386.952,2629.7837,2129.89990234375
2016-07-15,2422.6348,2691.3767,2161.739990234375
2016-07-15,2458.8508,2731.3877,2161.739990234375
2016-07-22,2473.9675,2780.8716,2175.030029296875
2016-07-22,2489.177,2820.7908,2175.030029296875
2016-07-29,2487.5408,2867.1292,2173.60009765625
2016-07-29,2485.9053,2902.0107,2173.60009765625
2016-08-05,2496.507,2937.2886,2182.8701171875
2016-08-05,2507.1543,2927.3152,2182.8701171875
2016-08-12,2508.5095,2939.6743,2184.050048828125
2016-08-12,2509.8657,2939.7078,2184.050048828125
2016-08-19,2509.6587,2938.1584,2183.8701171875
2016-08-19,2509.452,2935.7385,2183.8701171875
2016-08-26,2492.411,2931.7947,2169.0400390625
2016-08-26,2475.4858,2922.9033,2169.0400390625
2016-09-02,2487.9714,2917.3591,2179.97998046875
2016-09-02,2500.5198,2923.0222,2179.97998046875
2016-09-09,2440.679,2928.8948,2127.81005859375
2016-09-09,2382.27,2914.5745,2127.81005859375
2016-09-16,2394.9773,2890.7961,2139.159912109375
2016-09-16,2407.7522,2851.1963,2139.159912109375
2016-09-23,2436.4878,2859.95,2164.68994140625
2016-09-23,2465.5662,2864.0308,2164.68994140625
2016-09-30,2469.644,2835.9592,2168.27001953125
2016-09-30,2473.7285,2848.2354,2168.27001953125
2016-10-07,2457.1514,2869.0388,2153.739990234375
2016-10-07,2440.6855,2874.208,2153.739990234375
2016-10-14,2417.1597,2890.0942,2132.97998046875
2016-10-14,2393.8604,2872.6797,2132.97998046875
2016-10-21,2403.041,2865.487,2141.159912109375
2016-10-21,2412.2566,2851.5098,2141.159912109375
2016-10-28,2395.639,2832.9854,2126.409912109375
2016-10-28,2379.136,2840.1475,2126.409912109375
2016-11-04,2333.0056,2842.3333,2085.179931640625
2016-11-04,2287.77,2829.3137,2085.179931640625
2016-11-11,2374.7417,2804.7795,2164.449951171875
2016-11-11,2465.0195,2796.5188,2164.449951171875
2016-11-18,2484.8926,2781.3386,2181.89990234375
2016-11-18,2504.926,2761.3672,2181.89990234375
2016-11-25,2541.0325,2764.256,2213.35009765625
2016-11-25,2577.6592,2771.7305,2213.35009765625
2016-12-02,2552.7368,2794.4443,2191.949951171875
2016-12-02,2528.0552,2826.1284,2191.949951171875
2016-12-09,2605.9978,2864.6821,2259.530029296875
2016-12-09,2686.3433,2912.705,2259.530029296875
2016-12-16,2684.6074,2971.1692,2258.070068359375
2016-12-16,2682.8728,3056.0198,2258.070068359375
2016-12-23,2689.669,3129.2249,2263.7900390625
2016-12-23,2696.4822,3158.2493,2263.7900390625
2016-12-30,2666.7515,3165.7495,2238.830078125
2016-12-30,2637.3486,3101.911,2238.830078125
2017-01-06,2682.2893,3058.3196,2276.97998046875
2017-01-06,2727.9956,3106.3303,2276.97998046875
2017-01-13,2725.1921,3161.1401,2274.639892578125
2017-01-13,2722.3914,3167.9607,2274.639892578125
2017-01-20,2718.406,3183.36,2271.31005859375
2017-01-20,2714.4268,3209.9387,2271.31005859375
2017-01-27,2742.3677,3192.5837,2294.68994140625
2017-01-27,2770.5967,3236.3157,2294.68994140625
2017-02-03,2773.8928,3253.3667,2297.419921875
2017-02-03,2777.1929,3289.1519,2297.419921875
2017-02-10,2799.774,3327.7654,2316.10009765625
2017-02-10,2822.5388,3321.7751,2316.10009765625
2017-02-17,2865.265,3325.27,2351.159912109375
2017-02-17,2908.6377,3343.5605,2351.159912109375
2017-02-24,2928.654,3390.9382,2367.340087890625
2017-02-24,2948.8083,3429.2075,2367.340087890625
2017-03-03,2968.4644,3479.8787,2383.1201171875
2017-03-03,2988.2515,3508.3816,2383.1201171875
2017-03-10,2975.06,3521.188,2372.60009765625
2017-03-10,2961.927,3524.9954,2372.60009765625
2017-03-17,2968.9805,3532.4546,2378.25
2017-03-17,2976.0503,3538.568,2378.25
2017-03-24,2933.1663,3539.174,2343.97998046875
2017-03-24,2890.9001,3537.0632,2343.97998046875
2017-03-31,2914.0127,3540.8538,2362.719970703125
2017-03-31,2937.3098,3552.1873,2362.719970703125
2017-04-07,2928.3838,3571.2815,2355.5400390625
2017-04-07,2919.485,3581.9001,2355.5400390625
2017-04-14,2886.529,3556.861,2328.949951171875
2017-04-14,2853.9448,3532.514,2328.949951171875
2017-04-21,2878.1348,3501.8276,2348.68994140625
2017-04-21,2902.5295,3477.409,2348.68994140625
2017-04-28,2946.413,3436.0881,2384.199951171875
2017-04-28,2990.9602,3484.0127,2384.199951171875
2017-05-05,3009.8904,3532.3713,2399.2900390625
2017-05-05,3028.941,3588.139,2399.2900390625
2017-05-12,3018.3489,3645.168,2390.89990234375
2017-05-12,3007.794,3635.4087,2390.89990234375
2017-05-19,2996.2578,3636.481,2381.72998046875
2017-05-19,2984.7664,3651.2664,2381.72998046875
2017-05-26,3027.4878,3663.396,2415.820068359375
2017-05-26,3070.8206,3712.0637,2415.820068359375
2017-06-02,3100.3745,3772.6794,2439.070068359375
2017-06-02,3130.2126,3810.2717,2439.070068359375
2017-06-09,3120.844,3845.6921,2431.77001953125
2017-06-09,3111.5034,3837.1296,2431.77001953125
2017-06-16,3113.2688,3823.993,2433.14990234375
2017-06-16,3115.0356,3809.5535,2433.14990234375
2017-06-23,3121.629,3795.633,2438.300048828125
2017-06-23,3128.2363,3799.6484,2438.300048828125
2017-06-30,3109.133,3783.9019,2423.409912109375
2017-06-30,3090.1465,3750.5327,2423.409912109375
2017-07-07,3092.4033,3744.6934,2425.179931640625
2017-07-07,3094.6619,3738.2278,2425.179931640625
2017-07-14,3138.1626,3729.7307,2459.27001953125
2017-07-14,3182.275,3776.6401,2459.27001953125
2017-07-21,3199.4463,3814.01,2472.5400390625
2017-07-21,3216.7102,3866.4062,2472.5400390625
2017-07-28,3216.138,3919.289,2472.10009765625
2017-07-28,3215.566,3934.8152,2472.10009765625
2017-08-04,3221.7185,3950.9016,2476.830078125
2017-08-04,3227.8826,3949.9631,2476.830078125
2017-08-11,3181.6047,3949.3,2441.320068359375
2017-08-11,3135.9905,3951.8372,2441.320068359375
2017-08-18,3115.7332,3951.6829,2425.550048828125
2017-08-18,3095.6067,3895.5261,2425.550048828125
2017-08-25,3117.941,3840.0251,2443.050048828125
2017-08-25,3140.4365,3826.156,2443.050048828125
2017-09-01,3183.4993,3805.3108,2476.550048828125
2017-09-01,3227.1526,3840.5608,2476.550048828125
2017-09-08,3207.4497,3864.7268,2461.429931640625
2017-09-08,3187.8674,3887.8745,2461.429931640625
2017-09-15,3238.1182,3886.0762,2500.22998046875
2017-09-15,3289.1614,3934.6602,2500.22998046875
2017-09-22,3291.7793,3978.2817,2502.219970703125
2017-09-22,3294.3994,3988.538,2502.219970703125
2017-09-29,3316.966,4013.8354,2519.360107421875
2017-09-29,3339.6873,4019.3452,2519.360107421875
2017-10-06,3379.4155,4042.5488,2549.330078125
2017-10-06,3419.617,4075.3582,2549.330078125
2017-10-13,3424.7676,4111.107,2553.169921875
2017-10-13,3429.9258,4149.96,2553.169921875
2017-10-20,3459.5344,4197.908,2575.2099609375
2017-10-20,3489.3984,4219.1978,2575.2099609375
2017-10-27,3497.339,4239.859,2581.070068359375
2017-10-27,3505.2976,4255.2827,2581.070068359375
2017-11-03,3514.4917,4258.7715,2587.840087890625
2017-11-03,3523.71,4298.673,2587.840087890625
2017-11-10,3516.1665,4327.6343,2582.300048828125
2017-11-10,3508.6392,4366.048,2582.300048828125
2017-11-17,3503.9517,4415.265,2578.85009765625
2017-11-17,3499.2705,4400.784,2578.85009765625
2017-11-24,3531.2527,4377.5317,2602.419921875
2017-11-24,3563.527,4386.4443,2602.419921875
2017-12-01,3618.0261,4386.1895,2642.219970703125
2017-12-01,3673.3582,4436.784,2642.219970703125
2017-12-08,3686.2598,4505.7974,2651.5
2017-12-08,3699.2068,4563.7925,2651.5
2017-12-15,3733.1228,4616.6504,2675.81005859375
2017-12-15,3767.3496,4674.2744,2675.81005859375
2017-12-22,3777.9514,4721.6963,2683.340087890625
2017-12-22,3788.583,4769.9546,2683.340087890625
2017-12-29,3774.8455,4805.2495,2673.610107421875
2017-12-29,3761.1577,4800.4,2673.610107421875
2018-01-05,3858.9841,4787.5273,2743.14990234375
2018-01-05,3959.3552,4845.2637,2743.14990234375
2018-01-12,4021.5498,4907.2065,2786.239990234375
2018-01-12,4084.7212,5010.2603,2786.239990234375
2018-01-19,4119.994,5131.651,2810.300048828125
2018-01-19,4155.572,5165.4834,2810.300048828125
2018-01-26,4248.0938,5192.413,2872.8701171875
2018-01-26,4342.6753,5280.942,2872.8701171875
2018-02-02,4175.279,5363.7935,2762.1298828125
2018-02-02,4014.3347,5281.6636,2762.1298828125
2018-02-09,3807.1167,5202.6123,2619.550048828125
2018-02-09,3610.5952,4994.3867,2619.550048828125
2018-02-16,3765.891,4802.4204,2732.219970703125
2018-02-16,3927.8667,4725.619,2732.219970703125
2018-02-23,3949.546,4646.999,2747.300048828125
2018-02-23,3971.3447,4783.056,2747.300048828125
2018-03-02,3890.3223,4912.5986,2691.25
2018-03-02,3810.9524,4901.5093,2691.25
2018-03-09,3945.9307,4896.7554,2786.570068359375
2018-03-09,4085.6897,4933.212,2786.570068359375
2018-03-16,4035.0173,4963.731,2752.010009765625
2018-03-16,3984.9739,4937.7397,2752.010009765625
2018-03-23,3747.86,4955.3677,2588.260009765625
2018-03-23,3524.8552,4780.5796,2588.260009765625
2018-03-30,3596.503,4598.217,2640.8701171875
2018-03-30,3669.607,4502.464,2640.8701171875
2018-04-06,3619.0273,4406.0986,2604.469970703125
2018-04-06,3569.145,4429.4307,2604.469970703125
2018-04-13,3640.1726,4505.3286,2656.300048828125
2018-04-13,3712.6135,4570.3115,2656.300048828125
2018-04-20,3731.957,4653.2437,2670.139892578125
2018-04-20,3751.4014,4803.25,2670.139892578125
2018-04-27,3751.0781,4958.153,2669.909912109375
2018-04-27,3750.7551,5033.119,2669.909912109375
2018-05-04,3741.6377,5069.6,2663.419921875
2018-05-04,3732.5425,5134.6245,2663.419921875
2018-05-11,3822.653,5176.504,2727.719970703125
2018-05-11,3914.9392,5292.5186,2727.719970703125
2018-05-18,3893.7695,5417.3066,2712.969970703125
2018-05-18,3872.714,5434.981,2712.969970703125
2018-05-25,3884.6482,5446.2915,2721.330078125
2018-05-25,3896.6184,5353.7344,2721.330078125
2018-06-01,3915.6487,5311.77,2734.6201171875
2018-06-01,3934.771,5401.525,2734.6201171875
2018-06-08,3998.6714,5457.8467,2779.030029296875
2018-06-08,4063.6094,5489.496,2779.030029296875
2018-06-15,4064.5303,5513.1777,2779.659912109375
2018-06-15,4065.4517,5563.111,2779.659912109375
2018-06-22,4029.2085,5599.2793,2754.8798828125
2018-06-22,3993.2893,5551.995,2754.8798828125
2018-06-29,3940.3672,5510.99,2718.3701171875
2018-06-29,3888.1465,5450.0166,2718.3701171875
2018-07-06,3947.433,5369.012,2759.820068359375
2018-07-06,4007.6238,5385.6934,2759.820068359375
2018-07-13,4067.873,5416.9727,2801.31005859375
2018-07-13,4129.028,5515.601,2801.31005859375
2018-07-20,4129.7944,5600.208,2801.830078125
2018-07-20,4130.561,5669.0225,2801.830078125
2018-07-27,4155.6084,5770.558,2818.820068359375
2018-07-27,4180.8076,5823.8335,2818.820068359375
2018-08-03,4212.74,5877.6924,2840.35009765625
2018-08-03,4244.917,5968.663,2840.35009765625
2018-08-10,4234.351,6025.095,2833.280029296875
2018-08-10,4223.8105,6050.1514,2833.280029296875
2018-08-17,4248.9307,6054.4546,2850.1298828125
2018-08-17,4274.1997,6106.3906,2850.1298828125
2018-08-24,4311.0312,6165.616,2874.68994140625
2018-08-24,4348.18,6242.462,2874.68994140625
2018-08-31,4388.7627,6310.3394,2901.52001953125
2018-08-31,4429.7236,6374.6406,2901.52001953125
2018-09-07,4384.1675,6442.25,2871.679931640625
2018-09-07,4339.079,6407.28,2871.679931640625
2018-09-14,4389.3955,6387.5576,2904.97998046875
2018-09-14,4440.295,6450.28,2904.97998046875
2018-09-21,4478.0337,6474.8086,2929.669921875
2018-09-21,4516.0933,6589.697,2929.669921875
2018-09-28,4491.907,6660.793,2913.97998046875
2018-09-28,4467.851,6675.6216,2913.97998046875
2018-10-05,4424.292,6681.3364,2885.570068359375
2018-10-05,4381.1567,6639.5684,2885.570068359375
2018-10-12,4201.3296,6611.767,2767.1298828125
2018-10-12,4028.883,6467.809,2767.1298828125
2018-10-19,4029.8296,6368.9224,2767.780029296875
2018-10-19,4030.7761,6226.8477,2767.780029296875
2018-10-26,3871.906,6030.2925,2658.68994140625
2018-10-26,3719.2976,5832.152,2658.68994140625
2018-11-02,3809.3462,5724.9614,2723.06005859375
2018-11-02,3901.5752,5660.303,2723.06005859375
2018-11-09,3984.605,5597.0557,2781.010009765625
2018-11-09,4069.4026,5676.304,2781.010009765625
2018-11-16,4003.9353,5733.2974,2736.27001953125
2018-11-16,3939.5215,5760.0386,2736.27001953125
2018-11-23,3790.2058,5766.179,2632.56005859375
2018-11-23,3646.5496,5654.3037,2632.56005859375
2018-11-30,3823.3113,5573.61,2760.169921875
2018-11-30,4008.641,5542.059,2760.169921875
2018-12-07,3824.0664,5606.811,2633.080078125
2018-12-07,3647.99,5602.8887,2633.080078125
2018-12-14,3602.09,5594.7783,2599.949951171875
2018-12-14,3556.7676,5665.1396,2599.949951171875
2018-12-21,3305.9697,5588.0293,2416.6201171875
2018-12-21,3072.8567,5368.884,2416.6201171875
2018-12-28,3160.746,5142.469,2485.739990234375
2018-12-28,3251.1494,5009.935,2485.739990234375
2019-01-04,3311.5752,4888.327,2531.93994140625
2019-01-04,3373.124,5006.9683,2531.93994140625
2019-01-11,3458.813,5082.279,2596.260009765625
2019-01-11,3546.6792,5257.408,2596.260009765625
2019-01-18,3648.383,5462.848,2670.7099609375
2019-01-18,3753.0034,5637.567,2670.7099609375
2019-01-25,3744.6423,5806.853,2664.760009765625
2019-01-25,3736.2998,5903.142,2664.760009765625
2019-02-01,3794.866,6025.868,2706.530029296875
2019-02-01,3854.3503,6106.2383,2706.530029296875
2019-02-08,3856.2727,6070.276,2707.8798828125
2019-02-08,3858.1958,6114.049,2707.8798828125
2019-02-15,3954.6836,6157.007,2775.60009765625
2019-02-15,4053.585,6208.057,2775.60009765625
2019-02-22,4078.5142,6208.583,2792.669921875
2019-02-22,4103.5967,6323.21,2792.669921875
2019-03-01,4119.7896,6434.737,2803.68994140625
2019-03-01,4136.0464,6465.991,2803.68994140625
2019-03-08,4046.619,6480.7383,2743.070068359375
2019-03-08,3959.1255,6416.9146,2743.070068359375
2019-03-15,4073.7393,6391.3164,2822.47998046875
2019-03-15,4191.671,6387.251,2822.47998046875
2019-03-22,4159.3403,6420.358,2800.7099609375
2019-03-22,4127.259,6465.965,2800.7099609375
2019-03-29,4176.906,6512.822,2834.39990234375
2019-03-29,4227.15,6560.212,2834.39990234375
2019-04-05,4314.157,6585.4126,2892.739990234375
2019-04-05,4402.9546,6706.295,2892.739990234375
2019-04-12,4425.283,6816.755,2907.409912109375
2019-04-12,4447.725,6936.14,2907.409912109375
2019-04-19,4444.0845,7054.983,2905.030029296875
2019-04-19,4440.4463,7026.424,2905.030029296875
2019-04-26,4493.716,7010.723,2939.8798828125
2019-04-26,4547.624,7056.592,2939.8798828125
2019-05-03,4556.534,7110.8423,2945.639892578125
2019-05-03,4565.4614,7148.2383,2945.639892578125
2019-05-10,4465.8955,7185.1978,2881.39990234375
2019-05-10,4368.501,7128.423,2881.39990234375
2019-05-17,4335.344,7072.714,2859.530029296875
2019-05-17,4302.4385,6974.0845,2859.530029296875
2019-05-24,4252.0796,6873.194,2826.06005859375
2019-05-24,4202.3105,6806.631,2826.06005859375
2019-05-31,4092.2737,6726.688,2752.06005859375
2019-05-31,3985.118,6614.3345,2752.06005859375
2019-06-07,4160.737,6502.3623,2873.340087890625
2019-06-07,4344.0957,6544.9097,2873.340087890625
2019-06-14,4364.7173,6587.7285,2886.97998046875
2019-06-14,4385.437,6773.087,2886.97998046875
2019-06-21,4481.8657,6918.787,2950.4599609375
2019-06-21,4580.4146,7012.691,2950.4599609375
2019-06-28,4566.908,7126.035,2941.760009765625
2019-06-28,4553.442,7204.149,2941.760009765625
2019-07-05,4628.745,7303.6187,2990.409912109375
2019-07-05,4705.294,7324.4595,2990.409912109375
2019-07-12,4742.0503,7372.125,3013.77001953125
2019-07-12,4779.0938,7504.305,3013.77001953125
2019-07-19,4720.167,7649.07,2976.610107421875
2019-07-19,4661.9673,7642.9697,2976.610107421875
2019-07-26,4739.1025,7641.236,3025.860107421875
2019-07-26,4817.514,7620.387,3025.860107421875
2019-08-02,4668.1577,7609.814,2932.050048828125
2019-08-02,4523.432,7562.8545,2932.050048828125
2019-08-09,4502.759,7477.6846,2918.64990234375
2019-08-09,4482.1797,7367.6816,2918.64990234375
2019-08-16,4436.155,7285.1284,2888.679931640625
2019-08-16,4390.6025,7232.5137,2888.679931640625
2019-08-23,4327.4194,7170.05,2847.110107421875
2019-08-23,4265.1455,7101.1323,2847.110107421875
2019-08-30,4384.0166,7033.479,2926.4599609375
2019-08-30,4506.2,7027.09,2926.4599609375
2019-09-06,4586.6553,7036.577,2978.7099609375
2019-09-06,4668.547,7201.0117,2978.7099609375
2019-09-13,4713.4966,7333.8994,3007.389892578125
2019-09-13,4758.88,7465.7466,3007.389892578125
2019-09-20,4734.6377,7575.998,2992.070068359375
2019-09-20,4710.519,7585.7935,2992.070068359375
2019-09-27,4662.848,7613.912,2961.7900390625
2019-09-27,4615.6597,7576.9707,2961.7900390625
2019-10-04,4600.4185,7507.384,2952.010009765625
2019-10-04,4585.2275,7467.023,2952.010009765625
2019-10-11,4613.5903,7416.5303,2970.27001953125
2019-10-11,4642.128,7467.9907,2970.27001953125
2019-10-18,4667.0244,7497.869,2986.199951171875
2019-10-18,4692.054,7542.607,2986.199951171875
2019-10-25,4749.1694,7593.182,3022.550048828125
2019-10-25,4806.9795,7674.044,3022.550048828125
2019-11-01,4877.5283,7730.013,3066.909912109375
2019-11-01,4949.112,7881.2754,3066.909912109375
2019-11-08,4991.3433,8024.734,3093.080078125
2019-11-08,5033.935,8127.906,3093.080078125
2019-11-15,5078.495,8248.43,3120.4599609375
2019-11-15,5123.4497,8336.879,3120.4599609375
2019-11-22,5106.752,8442.983,3110.2900390625
2019-11-22,5090.1084,8486.013,3110.2900390625
2019-11-29,5140.3335,8504.245,3140.97998046875
2019-11-29,5191.0547,8569.916,3140.97998046875
2019-12-06,5199.202,8614.738,3145.909912109375
2019-12-06,5207.3623,8670.317,3145.909912109375
2019-12-13,5245.252,8695.035,3168.800048828125
2019-12-13,5283.4175,8752.334,3168.800048828125
2019-12-20,5370.818,8825.131,3221.219970703125
2019-12-20,5459.6646,8874.963,3221.219970703125
2019-12-27,5491.5283,8977.199,3240.02001953125
2019-12-27,5523.5786,9132.48,3240.02001953125
2020-01-03,5514.765,9253.003,3234.85009765625
2020-01-03,5505.9653,9212.346,3234.85009765625
2020-01-10,5557.8784,9190.577,3265.35009765625
2020-01-10,5610.2817,9236.153,3265.35009765625
2020-01-17,5720.705,9278.293,3329.6201171875
2020-01-17,5833.3027,9418.971,3329.6201171875
2020-01-24,5773.4736,9558.635,3295.469970703125
2020-01-24,5714.2573,9602.095,3295.469970703125
2020-01-31,5592.9663,9657.48,3225.52001953125
2020-01-31,5474.25,9544.2705,3225.52001953125
2020-02-07,5647.683,9454.358,3327.7099609375
2020-02-07,5826.6113,9465.333,3327.7099609375
2020-02-14,5918.448,9461.064,3380.159912109375
2020-02-14,6011.7324,9686.625,3380.159912109375
2020-02-21,5936.305,9911.581,3337.75
2020-02-21,5861.824,10003.399,3337.75
2020-02-28,5188.261,10061.84,2954.219970703125
2020-02-28,4592.095,9405.276,2954.219970703125
2020-03-06,4620.308,8708.517,2972.3701171875
2020-03-06,4648.6943,8252.3,2972.3701171875
2020-03-13,4239.9507,7829.671,2711.02001953125
2020-03-13,3867.147,7511.968,2711.02001953125
2020-03-20,3287.8638,7153.703,2304.919921875
2020-03-20,2795.3547,6259.252,2304.919921875
2020-03-27,3082.2373,5423.44,2541.469970703125
2020-03-27,3398.562,5242.723,2541.469970703125
2020-04-03,3327.929,5072.848,2488.64990234375
2020-04-03,3258.7637,5262.723,2488.64990234375
2020-04-10,3653.131,5484.3647,2789.820068359375
2020-04-10,4095.2239,5847.557,2789.820068359375
2020-04-17,4219.615,6244.462,2874.56005859375
2020-04-17,4347.785,6614.325,2874.56005859375
2020-04-24,4290.582,7151.1284,2836.739990234375
2020-04-24,4234.1313,7489.834,2836.739990234375
2020-05-01,4225.1313,7858.498,2830.7099609375
2020-05-01,4216.1494,7451.347,2830.7099609375
2020-05-08,4363.7373,7107.929,2929.800048828125
2020-05-08,4516.491,7460.1997,2929.800048828125
2020-05-15,4414.5938,7901.303,2863.699951171875
2020-05-15,4314.995,8072.292,2863.699951171875
2020-05-22,4453.243,8265.767,2955.449951171875
2020-05-22,4595.9204,8281.987,2955.449951171875
2020-05-29,4734.1035,8219.62,3044.31005859375
2020-05-29,4876.442,8332.863,3044.31005859375
2020-06-05,5116.106,8469.905,3193.929931640625
2020-06-05,5367.5493,8899.09,3193.929931640625
2020-06-12,5111.0645,9292.426,3041.31005859375
2020-06-12,4866.8354,9115.729,3041.31005859375
2020-06-19,4957.137,8933.555,3097.739990234375
2020-06-19,5049.1143,8987.294,3097.739990234375
2020-06-26,4904.5557,9008.766,3009.050048828125
2020-06-26,4764.1357,9020.235,3009.050048828125
2020-07-03,4955.6475,9028.042,3130.010009765625
2020-07-03,5154.8584,9063.229,3130.010009765625
2020-07-10,5245.4883,9373.109,3185.0400390625
2020-07-10,5337.7114,9429.752,3185.0400390625
2020-07-17,5404.2266,9362.554,3224.72998046875
2020-07-17,5471.571,9535.637,3224.72998046875
2020-07-24,5456.1304,9792.292,3215.6298828125
2020-07-24,5440.7334,9846.738,3215.6298828125
2020-07-31,5534.6206,9946.517,3271.1201171875
2020-07-31,5630.128,10011.093,3271.1201171875
2020-08-07,5768.0957,9957.452,3351.280029296875
2020-08-07,5909.4443,10158.729,3351.280029296875
2020-08-14,5947.4795,10364.899,3372.85009765625
2020-08-14,5985.76,10424.151,3372.85009765625
2020-08-21,6028.9023,10420.475,3397.159912109375
2020-08-21,6072.3555,10400.515,3397.159912109375
2020-08-28,6270.4976,10429.475,3508.010009765625
2020-08-28,6475.1055,10513.395,3508.010009765625
2020-09-04,6325.5024,10664.742,3426.9599609375
2020-09-04,6179.3564,10716.436,3426.9599609375
2020-09-11,6024.3022,10750.256,3340.969970703125
2020-09-11,5873.1387,10492.485,3340.969970703125
2020-09-18,5835.3438,10292.478,3319.469970703125
2020-09-18,5797.792,10187.909,3319.469970703125
2020-09-25,5761.0957,10042.109,3298.4599609375
2020-09-25,5724.6323,9976.519,3298.4599609375
2020-10-02,5811.34,9941.167,3348.419921875
2020-10-02,5899.361,10042.492,3348.419921875
2020-10-09,6126.1445,10108.099,3477.139892578125
2020-10-09,6361.6455,10331.688,3477.139892578125
2020-10-16,6373.8486,10582.927,3483.81005859375
2020-10-16,6386.0757,10926.472,3483.81005859375
2020-10-23,6352.31,11230.175,3465.389892578125
2020-10-23,6318.723,11226.771,3465.389892578125
2020-10-30,5962.38,11373.774,3269.9599609375
2020-10-30,5626.1333,10860.213,3269.9599609375
2020-11-06,6038.171,10388.151,3509.43994140625
2020-11-06,6480.3843,10633.758,3509.43994140625
2020-11-13,6620.187,10778.933,3585.14990234375
2020-11-13,6763.006,11154.156,3585.14990234375
2020-11-20,6710.923,11528.806,3557.5400390625
2020-11-20,6659.241,11471.848,3557.5400390625
2020-11-27,6810.507,11471.525,3638.35009765625
2020-11-27,6965.2095,11428.41,3638.35009765625
2020-12-04,7081.547,11408.839,3699.1201171875
2020-12-04,7199.828,11578.2705,3699.1201171875
2020-12-11,7130.4204,11780.318,3663.4599609375
2020-12-11,7061.6816,11853.409,3663.4599609375
2020-12-18,7150.2544,11836.942,3709.409912109375
2020-12-18,7239.939,11775.996,3709.409912109375
2020-12-25,7227.5454,11630.901,3703.06005859375
2020-12-25,7215.1733,11775.134,3703.06005859375
2021-01-01,7318.4595,11772.357,3756.070068359375
2021-01-01,7423.2246,11677.946,3756.070068359375
2021-01-08,7558.8203,11742.425,3824.679931640625
2021-01-08,7696.893,11939.51,3824.679931640625
2021-01-15,7583.331,12137.217,3768.25
2021-01-15,7471.446,12149.245,3768.25
2021-01-22,7616.6216,12151.758,3841.469970703125
2021-01-22,7764.6187,12191.601,3841.469970703125
2021-01-29,7507.4536,12273.955,3714.239990234375
2021-01-29,7258.8057,12507.814,3714.239990234375
2021-02-05,7596.1016,12410.537,3886.830078125
2021-02-05,7949.07,12442.532,3886.830078125
2021-02-12,8047.2363,12484.421,3934.830078125
2021-02-12,8146.615,12850.257,3934.830078125
2021-02-19,8088.396,13296.536,3906.7099609375
2021-02-19,8030.5923,13384.49,3906.7099609375
2021-02-26,7834.16,13494.661,3811.14990234375
2021-02-26,7642.532,13330.001,3811.14990234375
2021-03-05,7704.276,13241.806,3841.93994140625
2021-03-05,7766.518,13041.94,3841.93994140625
2021-03-12,7971.4995,12712.897,3943.340087890625
2021-03-12,8181.892,12768.608,3943.340087890625
2021-03-19,8119.148,12792.359,3913.10009765625
2021-03-19,8056.8853,13047.605,3913.10009765625
2021-03-26,8183.387,13083.884,3974.5400390625
2021-03-26,8311.875,13278.221,3974.5400390625
2021-04-02,8406.674,13476.309,4019.8701171875
2021-04-02,8502.553,13375.714,4019.8701171875
2021-04-09,8732.953,13464.561,4128.7998046875
2021-04-09,8969.599,13657.49,4128.7998046875
2021-04-16,9092.712,13834.6875,4185.47021484375
2021-04-16,9217.515,13957.027,4185.47021484375
2021-04-23,9205.842,14016.018,4180.169921875
2021-04-23,9194.185,13920.627,4180.169921875
2021-04-30,9196.384,13852.453,4181.169921875
2021-04-30,9198.584,13904.754,4181.169921875
2021-05-07,9311.73,13875.39,4232.60009765625
2021-05-07,9426.269,13973.748,4232.60009765625
2021-05-14,9295.429,14127.758,4173.85009765625
2021-05-14,9166.404,14069.707,4173.85009765625
2021-05-21,9126.8955,14053.738,4155.85986328125
2021-05-21,9087.557,13936.009,4155.85986328125
2021-05-28,9193.063,13861.619,4204.10986328125
2021-05-28,9299.797,13962.0,4204.10986328125
2021-06-04,9356.824,13995.02,4229.89013671875
2021-06-04,9414.202,14025.752,4229.89013671875
2021-06-11,9453.26,14075.11,4247.43994140625
2021-06-11,9492.481,14145.593,4247.43994140625
2021-06-18,9311.4795,14274.049,4166.4501953125
2021-06-18,9133.93,14185.587,4166.4501953125
2021-06-25,9384.395,14001.455,4280.7001953125
2021-06-25,9641.728,14065.965,4280.7001953125
2021-07-02,9803.087,14146.292,4352.33984375
2021-07-02,9967.146,14366.345,4352.33984375
2021-07-09,10006.559,14534.696,4369.5498046875
2021-07-09,10046.127,14619.019,4369.5498046875
2021-07-16,9948.669,14651.735,4327.16015625
2021-07-16,9852.156,14610.395,4327.16015625
2021-07-23,10044.842,14514.085,4411.7900390625
2021-07-23,10241.297,14490.949,4411.7900390625
2021-07-30,10202.925,14435.043,4395.259765625
2021-07-30,10164.695,14523.898,4395.259765625
2021-08-06,10260.116,14628.816,4436.52001953125
2021-08-06,10356.432,14805.153,4436.52001953125
2021-08-13,10429.917,14981.311,4468.0
2021-08-13,10503.923,15126.742,4468.0
2021-08-20,10442.022,15234.736,4441.669921875
2021-08-20,10380.486,15228.719,4441.669921875
2021-08-27,10538.707,15244.746,4509.3701171875
2021-08-27,10699.339,15341.853,4509.3701171875
2021-09-03,10761.171,15445.729,4535.43017578125
2021-09-03,10823.361,15564.61,4535.43017578125
2021-09-10,10639.966,15701.832,4458.580078125
2021-09-10,10459.678,15608.285,4458.580078125
2021-09-17,10399.644,15553.394,4432.990234375
2021-09-17,10339.956,15459.887,4432.990234375
2021-09-24,10392.413,15300.738,4455.47998046875
2021-09-24,10445.137,15287.546,4455.47998046875
2021-10-01,10214.361,15291.822,4357.0400390625
2021-10-01,9988.683,15156.611,4357.0400390625
2021-10-08,10067.317,14893.602,4391.33984375
2021-10-08,10146.57,14762.94,4391.33984375
2021-10-15,10331.486,14671.8,4471.3701171875
2021-10-15,10519.772,14871.166,4471.3701171875
2021-10-22,10692.766,15023.779,4544.89990234375
2021-10-22,10868.604,15384.51,4544.89990234375
2021-10-29,11013.234,15796.112,4605.3798828125
2021-10-29,11159.791,16027.024,4605.3798828125
2021-11-05,11383.089,16222.57,4697.52978515625
2021-11-05,11610.8545,16508.207,4697.52978515625
2021-11-12,11574.572,16838.885,4682.85009765625
2021-11-12,11538.402,16993.473,4682.85009765625
2021-11-19,11575.632,17166.486,4697.9599609375
2021-11-19,11612.981,17153.21,4697.9599609375
2021-11-26,11357.533,17125.584,4594.6201171875
2021-11-26,11107.704,16979.404,4594.6201171875
2021-12-03,10971.862,16855.475,4538.43017578125
2021-12-03,10837.682,16603.94,4538.43017578125
2021-12-10,11252.212,16302.249,4712.02001953125
2021-12-10,11682.596,16376.775,4712.02001953125
2021-12-17,11456.036,16573.387,4620.64013671875
2021-12-17,11233.87,16724.379,4620.64013671875
2021-12-24,11489.514,16809.531,4725.7900390625
2021-12-24,11750.976,17069.553,4725.7900390625
2021-12-31,11851.408,17175.756,4766.18017578125
2021-12-31,11952.7,17264.012,4766.18017578125
2022-01-07,11729.127,17427.232,4677.02978515625
2022-01-07,11509.736,17251.67,4677.02978515625
2022-01-14,11474.842,17017.691,4662.85009765625
2022-01-14,11440.052,16887.94,4662.85009765625
2022-01-21,10790.109,16524.781,4397.93994140625
2022-01-21,10177.092,16249.974,4397.93994140625
2022-01-28,10255.562,16115.994,4431.85009765625
2022-01-28,10334.637,16074.397,4431.85009765625
2022-02-04,10494.792,16154.406,4500.52978515625
2022-02-04,10657.428,16244.636,4500.52978515625
2022-02-11,10463.51,16347.745,4418.64013671875
2022-02-11,10273.12,15894.164,4418.64013671875
2022-02-18,10110.909,15653.812,4348.8701171875
2022-02-18,9951.259,15384.939,4348.8701171875
2022-02-25,10033.132,15199.624,4384.64990234375
2022-02-25,10115.679,15292.432,4384.64990234375
2022-03-04,9986.991,15306.252,4328.8701171875
2022-03-04,9859.94,15279.402,4328.8701171875
2022-03-11,9576.229,15349.254,4204.31005859375
2022-03-11,9300.679,15148.996,4204.31005859375
2022-03-18,9873.213,14922.825,4463.1201171875
2022-03-18,10480.991,15253.904,4463.1201171875
2022-03-25,10668.718,15654.497,4543.06005859375
2022-03-25,10859.807,16246.6045,4543.06005859375
2022-04-01,10866.499,16956.967,4545.85986328125
2022-04-01,10873.196,16991.322,4545.85986328125
2022-04-08,10735.471,17095.912,4488.27978515625
2022-04-08,10599.49,17081.809,4488.27978515625
2022-04-15,10373.51,17100.434,4392.58984375
2022-04-15,10152.346,16793.375,4392.58984375
2022-04-22,9873.125,16529.648,4271.77978515625
2022-04-22,9601.583,16178.098,4271.77978515625
2022-04-29,9287.246,15844.659,4131.93017578125
2022-04-29,8983.201,15363.412,4131.93017578125
2022-05-06,8964.524,14959.374,4123.33984375
2022-05-06,8945.888,14749.658,4123.33984375
2022-05-13,8730.124,14480.402,4023.889892578125
2022-05-13,8519.563,14220.424,4023.889892578125
2022-05-20,8260.138,13975.145,3901.360107421875
2022-05-20,8008.612,13567.515,3901.360107421875
2022-05-27,8535.929,13185.094,4158.240234375
2022-05-27,9097.966,13522.552,4158.240234375
2022-06-03,8989.226,13801.68,4108.5400390625
2022-06-03,8881.785,14281.957,4108.5400390625
2022-06-10,8432.825,14854.691,3900.860107421875
2022-06-10,8006.5596,14283.663,3900.860107421875
2022-06-17,7542.6504,13742.107,3674.840087890625
2022-06-17,7105.6206,12938.784,3674.840087890625
2022-06-24,7563.6875,12188.713,3911.739990234375
2022-06-24,8051.2837,12169.988,3911.739990234375
2022-07-01,7873.431,12158.542,3825.330078125
2022-07-01,7699.508,12365.474,3825.330078125
2022-07-08,7848.553,12467.174,3899.3798828125
2022-07-08,8000.484,12430.462,3899.3798828125
2022-07-15,7926.17,12368.652,3863.159912109375
2022-07-15,7852.547,12497.032,3863.159912109375
2022-07-22,8052.7046,12631.2705,3961.6298828125
2022-07-22,8257.964,12671.665,3961.6298828125
2022-07-29,8609.534,12803.497,4130.2900390625
2022-07-29,8976.071,12993.853,4130.2900390625
2022-08-05,9008.452,13216.702,4145.18994140625
2022-08-05,9040.95,13656.608,4145.18994140625
2022-08-12,9335.308,13998.259,4280.14990234375
2022-08-12,9639.248,14306.539,4280.14990234375
2022-08-19,9522.884,14660.643,4228.47998046875
2022-08-19,9407.924,14610.615,4228.47998046875
2022-08-26,9027.866,14718.163,4057.659912109375
2022-08-26,8663.163,14277.851,4057.659912109375
2022-09-02,8378.353,13904.983,3924.260009765625
2022-09-02,8102.905,13548.495,3924.260009765625
2022-09-09,8398.381,13004.154,4067.360107421875
2022-09-09,8704.631,13057.876,4067.360107421875
2022-09-16,8289.385,13111.17,3873.330078125
2022-09-16,7893.947,13082.135,3873.330078125
2022-09-23,7526.8975,13027.43,3693.22998046875
2022-09-23,7176.9155,12096.341,3693.22998046875
2022-09-30,6967.801,11415.82,3585.6201171875
2022-09-30,6764.78,10945.866,3585.6201171875
2022-10-07,6866.734,10481.366,3639.659912109375
2022-10-07,6970.224,10355.226,3639.659912109375
2022-10-14,6861.85,10289.428,3583.070068359375
2022-10-14,6755.161,10228.333,3583.070068359375
2022-10-21,7075.059,10064.301,3752.75
2022-10-21,7410.1055,9815.444,3752.75
2022-10-28,7702.956,9673.269,3901.06005859375
2022-10-28,8007.38,9964.565,3901.06005859375
2022-11-04,7739.4927,10449.299,3770.550048828125
2022-11-04,7480.568,10380.067,3770.550048828125
2022-11-11,7921.7573,10186.466,3992.929931640625
2022-11-11,8388.968,10014.685,3992.929931640625
2022-11-18,8331.002,9889.115,3965.340087890625
2022-11-18,8273.4375,10222.151,3965.340087890625
2022-11-25,8400.252,10610.072,4026.1201171875
2022-11-25,8529.01,10795.691,4026.1201171875
2022-12-02,8625.566,10814.494,4071.699951171875
2022-12-02,8723.217,11073.515,4071.699951171875
2022-12-09,8429.022,11245.145,3934.3798828125
2022-12-09,8144.7485,11380.863,3934.3798828125
2022-12-16,7974.9556,11568.598,3852.360107421875
2022-12-16,7808.703,11300.045,3852.360107421875
2022-12-23,7793.4185,11001.128,3844.820068359375
2022-12-23,7778.165,10788.061,3844.820068359375
2022-12-30,7767.4023,10547.682,3839.5
2022-12-30,7756.6553,10474.293,3839.5
2023-01-06,7868.9395,10425.258,3895.080078125
2023-01-06,7982.8496,10700.594,3895.080078125
2023-01-13,8196.016,10767.258,3999.090087890625
2023-01-13,8414.873,10874.772,3999.090087890625
2023-01-20,8359.154,11069.367,3972.610107421875
2023-01-20,8303.804,11011.412,3972.610107421875
2023-01-27,8508.545,11018.759,4070.56005859375
2023-01-27,8718.336,11218.787,4070.56005859375
2023-02-03,8859.522,11446.52,4136.47998046875
2023-02-03,9002.998,11772.232,4136.47998046875
2023-02-10,8902.835,12002.075,4090.4599609375
2023-02-10,8803.787,12151.393,4090.4599609375
2023-02-17,8779.315,12292.187,4079.090087890625
2023-02-17,8754.912,12170.751,4079.090087890625
2023-02-24,8520.858,11954.908,3970.0400390625
2023-02-24,8293.062,11573.886,3970.0400390625
2023-03-03,8450.983,11244.221,4045.639892578125
2023-03-03,8611.912,11096.849,4045.639892578125
2023-03-10,8220.128,11072.09,3861.590087890625
2023-03-10,7846.1665,10880.286,3861.590087890625
2023-03-17,7958.019,10769.344,3916.639892578125
2023-03-17,8071.467,10451.591,3916.639892578125
2023-03-24,8183.471,10282.72,3970.989990234375
2023-03-24,8297.031,10290.922,3970.989990234375
2023-03-31,8586.04,10347.487,4109.31005859375
2023-03-31,8885.114,10414.436,4109.31005859375
2023-04-07,8875.839,10511.616,4105.02001953125
2023-04-07,8866.572,10665.407,4105.02001953125
2023-04-14,8937.029,10803.547,4137.64013671875
2023-04-14,9008.047,10856.917,4137.64013671875
2023-04-21,8999.077,10839.768,4133.52001953125
2023-04-21,8990.117,10844.342,4133.52001953125
2023-04-28,9068.327,10888.619,4169.47998046875
2023-04-28,9147.219,10999.839,4169.47998046875
2023-05-05,9074.317,11098.627,4136.25
2023-05-05,9001.997,11148.295,4136.25
2023-05-12,8975.511,11185.559,4124.080078125
2023-05-12,8949.103,11116.189,4124.080078125
2023-05-19,9096.443,11046.672,4191.97998046875
2023-05-19,9246.21,11143.774,4191.97998046875
2023-05-26,9275.921,11204.13,4205.4501953125
2023-05-26,9305.728,11236.905,4205.4501953125
2023-06-02,9475.935,11250.53,4282.3701171875
2023-06-02,9649.255,11336.857,4282.3701171875
2023-06-09,9686.41,11439.102,4298.85986328125
2023-06-09,9723.708,11633.671,4298.85986328125
2023-06-16,9974.172,11811.098,4409.58984375
2023-06-16,10231.087,12021.891,4409.58984375
2023-06-23,10088.952,12211.708,4348.330078125
2023-06-23,9948.793,12456.435,4348.330078125
2023-06-30,10182.277,12663.918,4450.3798828125
2023-06-30,10421.242,12777.423,4450.3798828125
2023-07-07,10300.812,12971.439,4398.9501953125
2023-07-07,10181.773,13004.626,4398.9501953125
2023-07-14,10428.207,12878.594,4505.419921875
2023-07-14,10680.606,12814.761,4505.419921875
2023-07-21,10753.904,12726.126,4536.33984375
2023-07-21,10827.708,12808.018,4536.33984375
2023-07-28,10937.242,12869.651,4582.22998046875
2023-07-28,11047.885,13092.145,4582.22998046875
2023-08-04,10796.655,13360.006,4478.02978515625
2023-08-04,10551.139,13205.665,4478.02978515625
2023-08-11,10518.198,12972.306,4464.0498046875
2023-08-11,10485.362,12785.204,4464.0498046875
2023-08-18,10263.772,12491.926,4369.7099609375
2023-08-18,10046.864,12346.557,4369.7099609375
2023-08-25,10129.638,12240.6455,4405.7099609375
2023-08-25,10213.091,12224.674,4405.7099609375
2023-09-01,10468.227,12244.195,4515.77001953125
2023-09-01,10729.734,12363.445,4515.77001953125
2023-09-08,10591.259,12561.521,4457.490234375
2023-09-08,10454.569,12666.1875,4457.490234375
2023-09-15,10437.751,12811.377,4450.31982421875
2023-09-15,10420.961,12801.516,4450.31982421875
2023-09-22,10115.941,12773.532,4320.06005859375
2023-09-22,9819.851,12581.373,4320.06005859375
2023-09-29,9747.088,12422.75,4288.0498046875
2023-09-29,9674.865,12180.506,4288.0498046875
2023-10-06,9721.006,11917.092,4308.5
2023-10-06,9767.366,11815.478,4308.5
2023-10-13,9811.074,11777.892,4327.77978515625
2023-10-13,9854.978,11813.935,4327.77978515625
2023-10-20,9619.021,11801.972,4224.16015625
2023-10-20,9388.714,11735.854,4224.16015625
2023-10-27,9151.359,11594.7,4117.3701171875
2023-10-27,8920.007,11313.704,4117.3701171875
2023-11-03,9442.051,11064.781,4358.33984375
2023-11-03,9994.648,11269.514,4358.33984375
2023-11-10,10125.134,11446.717,4415.240234375
2023-11-10,10257.323,11820.486,4415.240234375
2023-11-17,10486.804,12211.378,4514.02001953125
2023-11-17,10721.419,12477.827,4514.02001953125
2023-11-24,10829.061,12723.024,4559.33984375
2023-11-24,10937.781,12882.511,4559.33984375
2023-12-01,11022.442,13092.4,4594.6298828125
2023-12-01,11107.757,13180.324,4594.6298828125
2023-12-08,11131.305,13286.087,4604.3701171875
2023-12-08,11154.901,13348.394,4604.3701171875
2023-12-15,11433.072,13457.684,4719.18994140625
2023-12-15,11718.18,13647.264,4719.18994140625
2023-12-22,11806.181,13762.386,4754.6298828125
2023-12-22,11894.842,14085.296,4754.6298828125
2023-12-29,11932.869,14385.511,4769.830078125
2023-12-29,11971.018,14540.145,4769.830078125
2024-01-05,11788.836,14610.092,4697.240234375
2024-01-05,11609.427,14518.41,4697.240234375
2024-01-12,11823.437,14392.482,4783.830078125
2024-01-12,12041.393,14315.423,4783.830078125
2024-01-19,12182.3,14367.499,4839.81005859375
2024-01-19,12324.855,14642.373,4839.81005859375
2024-01-26,12455.138,14897.838,4890.97021484375
2024-01-26,12586.797,14985.326,4890.97021484375
2024-02-02,12760.866,15149.087,4958.60986328125
2024-02-02,12937.342,15302.637,4958.60986328125
2024-02-09,13114.759,15552.202,5026.60986328125
2024-02-09,13294.608,15694.032,5026.60986328125
2024-02-16,13238.961,15866.506,5005.56982421875
2024-02-16,13183.547,15952.762,5005.56982421875
2024-02-23,13402.756,16068.93,5088.7998046875
2024-02-23,13625.608,16279.402,5088.7998046875
2024-03-01,13754.882,16480.428,5137.080078125
2024-03-01,13885.382,16711.12,5137.080078125
2024-03-08,13849.188,16900.148,5123.68994140625
2024-03-08,13813.09,16991.65,5123.68994140625
2024-03-15,13795.296,17047.059,5117.08984375
2024-03-15,13777.525,17098.742,5117.08984375
2024-03-22,14092.785,17146.535,5234.18017578125
2024-03-22,14415.261,17355.777,5234.18017578125
2024-03-29,14470.811,17557.623,5254.35009765625
2024-03-29,14526.575,17693.088,5254.35009765625
2024-04-05,14388.313,17737.5,5204.33984375
2024-04-05,14251.367,17777.648,5204.33984375
2024-04-12,14029.753,17667.738,5123.41015625
2024-04-12,13811.585,17466.994,5123.41015625
2024-04-19,13390.558,17124.98,4967.22998046875
2024-04-19,12982.364,16717.57,4967.22998046875
2024-04-26,13329.269,16309.724,5099.9599609375
2024-04-26,13685.442,16211.429,5099.9599609375
2024-05-03,13760.124,16304.916,5127.7900390625
2024-05-03,13835.212,16575.451,5127.7900390625
2024-05-10,14091.233,16783.246,5222.68017578125
2024-05-10,14351.993,16900.18,5222.68017578125
2024-05-17,14573.455,17084.21,5303.27001953125
2024-05-17,14798.334,17538.184,5303.27001953125
2024-05-24,14802.382,17879.75,5304.72021484375
2024-05-24,14806.431,18100.918,5304.72021484375
2024-05-31,14730.481,18232.309,5277.509765625
2024-05-31,14654.922,18233.479,5277.509765625
2024-06-07,14847.858,18182.102,5346.990234375
2024-06-07,15043.335,18146.525,5346.990234375
2024-06-14,15281.377,18229.14,5431.60009765625
2024-06-14,15523.185,18439.434,5431.60009765625
2024-06-21,15617.555,18573.74,5464.6201171875
2024-06-21,15712.497,18757.754,5464.6201171875
2024-06-28,15700.594,18944.135,5460.47998046875
2024-06-28,15688.697,19034.025,5460.47998046875
2024-07-05,15995.289,18932.918,5567.18994140625
2024-07-05,16307.869,19011.623,5567.18994140625
2024-07-12,16448.947,19170.207,5615.35009765625
2024-07-12,16591.242,19479.074,5615.35009765625
2024-07-19,16265.2,19742.783,5505.0
2024-07-19,15945.563,19684.37,5505.0
2024-07-26,15812.613,19756.451,5459.10009765625
2024-07-26,15680.7705,19537.375,5459.10009765625
2024-08-02,15357.508,19329.938,5346.56005859375
2024-08-02,15040.91,18969.531,5346.56005859375
2024-08-09,15034.159,18695.91,5344.16015625
2024-08-09,15027.411,18283.197,5344.16015625
2024-08-16,15618.17,17827.092,5554.25
2024-08-16,16232.15,18391.617,5554.25
2024-08-23,16467.0,18912.91,5634.60986328125
2024-08-23,16705.246,19522.037,5634.60986328125
2024-08-30,16746.133,20054.137,5648.39990234375
2024-08-30,16787.12,20239.477,5648.39990234375
2024-09-06,16073.8955,20443.176,5408.419921875
2024-09-06,15390.974,19935.904,5408.419921875
2024-09-13,16010.21,19489.4,5626.02001953125
2024-09-13,16654.36,19467.879,5626.02001953125
2024-09-20,16880.906,19429.889,5702.5498046875
2024-09-20,17110.535,20435.812,5702.5498046875
2024-09-27,17217.416,21517.111,5738.169921875
2024-09-27,17324.963,21626.66,5738.169921875
2024-10-04,17363.912,21765.61,5751.06982421875
2024-10-04,17402.95,21930.412,5751.06982421875
2024-10-11,17596.494,21938.016,5815.02978515625
2024-10-11,17792.193,22147.002,5815.02978515625
2024-10-18,17944.076,22328.336,5864.669921875
2024-10-18,18097.258,22400.684,5864.669921875
2024-10-25,17922.756,22570.873,5808.1201171875
2024-10-25,17749.934,22367.744,5808.1201171875
2024-11-01,17507.53,22155.578,5728.7998046875
2024-11-01,17268.434,21880.535,5728.7998046875
2024-11-08,18072.475,21524.71,5995.5400390625
2024-11-08,18913.951,22121.93,5995.5400390625
2024-11-15,18519.867,22864.955,5870.6201171875
2024-11-15,18133.996,23183.96,5870.6201171875
2024-11-22,18438.938,23569.955,5969.33984375
2024-11-22,18749.006,23709.014,5969.33984375
2024-11-29,18947.008,23763.756,6032.3798828125
2024-11-29,19147.1,24170.21,6032.3798828125
2024-12-06,19330.846,24536.414,6090.27001953125
2024-12-06,19516.355,24802.54,6090.27001953125
2024-12-13,19390.8,25076.37,6051.08984375
2024-12-13,19266.057,25137.85,6051.08984375
2024-12-20,18883.227,25199.89,5930.85009765625
2024-12-20,18508.002,25004.625,5930.85009765625
2024-12-27,18632.797,24776.408,5970.83984375
2024-12-27,18758.432,24806.127,5970.83984375
2025-01-03,18669.305,24692.428,5942.47021484375
2025-01-03,18580.602,24681.91,5942.47021484375
2025-01-10,18219.682,24655.025,5827.0400390625
2025-01-10,17865.773,24322.756,5827.0400390625
2025-01-17,18385.83,24005.098,5996.66015625
2025-01-17,18921.023,23990.787,5996.66015625
2025-01-24,19251.0,23957.715,6101.240234375
2025-01-24,19586.732,24495.79,6101.240234375
2025-01-31,19391.838,25001.639,6040.52978515625
2025-01-31,19198.883,25107.379,6040.52978515625
2025-02-07,19152.668,25211.719,6025.990234375
2025-02-07,19106.568,25055.32,6025.990234375
2025-02-14,19387.617,24836.816,6114.6298828125
2025-02-14,19672.799,24958.31,6114.6298828125
2025-02-21,19346.24,25033.586,6013.1298828125
2025-02-21,19025.1,24999.48,6013.1298828125
2025-02-28,18839.602,24938.89,5954.5
2025-02-28,18655.912,24643.39,5954.5
2025-03-07,18078.486,24343.322,5770.2001953125
2025-03-07,17518.932,23838.262,5770.2001953125
2025-03-14,17120.41,23340.666,5638.93994140625
2025-03-14,16730.957,22677.506,5638.93994140625
2025-03-21,16815.871,22001.076,5667.56005859375
2025-03-21,16901.22,21833.197,5667.56005859375
2025-03-28,16642.908,21688.818,5580.93994140625
2025-03-28,16388.545,21487.938,5580.93994140625
2025-04-04,14900.141,21346.982,5074.080078125
2025-04-04,13546.912,20162.688,5074.080078125
2025-04-11,14319.239,19049.389,5363.35986328125
2025-04-11,15135.599,18767.154,5363.35986328125
2025-04-18,14907.976,18562.043,5282.7001953125
2025-04-18,14683.775,18993.598,5282.7001953125
2025-04-25,15357.856,19456.242,5525.2099609375
2025-04-25,16062.881,19784.107,5525.2099609375
2025-05-02,16532.277,20130.959,5686.669921875
2025-05-02,17015.39,20774.135,5686.669921875
2025-05-09,16935.32,21461.186,5659.91015625
2025-05-09,16855.627,21675.338,5659.91015625
2025-05-16,17744.492,21857.021,5958.3798828125
2025-05-16,18680.23,22357.576,5958.3798828125
2025-05-23,18192.531,22864.191,5802.81982421875
2025-05-23,17717.562,23087.79,5802.81982421875
2025-05-30,18049.975,23331.586,5911.68994140625
2025-05-30,18388.621,23277.041,5911.68994140625
2025-06-06,18664.436,23213.49,6000.35986328125
2025-06-06,18944.387,23578.977,6000.35986328125
2025-06-13,18870.54,23963.371,5976.97021484375
2025-06-13,18796.979,24135.178,5976.97021484375
2025-06-20,18768.264,24318.75,5967.83984375
2025-06-20,18739.596,24257.281,5967.83984375
2025-06-27,19384.04,24206.693,6173.06982421875
2025-06-27,20050.645,24588.61,6173.06982421875
2025-07-04,20395.854,24955.36,6279.35009765625
2025-07-04,20747.006,25575.393,6279.35009765625
2025-07-11,20682.25,26222.34,6259.75
2025-07-11,20617.695,26395.877,6259.75
2025-07-18,20739.691,26553.762,6296.7900390625
2025-07-18,20862.41,26562.848,6296.7900390625
2025-07-25,21166.729,26553.545,6388.64013671875
2025-07-25,21475.486,26764.984,6388.64013671875
2025-08-01,20969.14,27017.152,6238.009765625
2025-08-01,20474.734,27038.617,6238.009765625
2025-08-08,20971.8,27042.627,6389.4501953125
2025-08-08,21480.934,27014.604,6389.4501953125
2025-08-15,21683.826,26974.05,6449.7998046875
2025-08-15,21888.633,27402.213,6449.7998046875
2025-08-22,21946.697,27947.084,6466.91015625
2025-08-22,22004.92,28099.738,6466.91015625
2025-08-29,21982.29,28323.463,6460.259765625
2025-08-29,21959.68,28261.875,6460.259765625
2025-09-05,22031.88,28202.408,6481.5
2025-09-05,22104.32,28290.873,6481.5
2025-09-12,22454.871,28325.947,6584.2900390625
2025-09-12,22810.98,28653.525,6584.2900390625
2025-09-19,23088.377,28923.404,6664.35986328125
2025-09-19,23369.146,29348.959,6664.35986328125
2025-09-26,23296.701,29796.543,6643.7001953125
2025-09-26,23224.479,29949.773,6643.7001953125
2025-10-03,23476.484,30036.162,6715.7900390625
2025-10-03,23731.227,30350.357,6715.7900390625
2025-10-10,23154.252,30603.695,6552.509765625
2025-10-10,22591.303,30630.646,6552.509765625
2025-10-17,22975.723,30524.033,6664.009765625
2025-10-17,23366.686,30197.037,6664.009765625
2025-10-24,23814.38,29692.445,6791.68994140625
2025-10-24,24270.656,30330.248,6791.68994140625
2025-10-31,24444.012,31133.598,6840.2001953125
2025-10-31,24618.607,31842.262,6840.2001953125
2025-11-07,24217.668,32557.873,6728.7998046875
2025-11-07,23823.256,32505.139,6728.7998046875
2025-11-14,23854.027,32496.143,6737.490234375
2025-11-14,23884.84,32206.914,6737.490234375
